"Message",Low,"Opbouwen gestart."
"Message",Low,"Project Unnamed_1 (standaarddoelen):"
"Message",Low,"Er wordt gebouwd met hulpprogrammaversie 4.0."
"Message",Low,"Doel PrintILCStartMessage in bestand C:\Program Files (x86)\MSBuild\Microsoft\.NetNative\x64\ilc\IlcInternals.targets uit project C:\Users\Bilel\Documents\Visual Studio 2015\Projects\Plenner\PlennerServerConsole\Unnamed_1 (doel Build is hiervan afhankelijk):"
"Message",Low,"De taak IlcMessageTask uit assembly C:\Program Files (x86)\MSBuild\Microsoft\.NetNative\x64\ilc\ilc.exe wordt gebruikt."
"Message",Low,"Taak IlcMessageTask"
"Message",High,"Starting .NET Native compilation"
"Message",Low,"Uitvoeren van taak IlcMessageTask voltooid."
"Message",Low,"Opbouwen van doel PrintILCStartMessage in project Unnamed_1 voltooid."
"Message",Low,"Doel RunGatekeeper in bestand C:\Program Files (x86)\MSBuild\Microsoft\.NetNative\x64\ilc\IlcInternals.targets uit project C:\Users\Bilel\Documents\Visual Studio 2015\Projects\Plenner\PlennerServerConsole\Unnamed_1 (doel Build is hiervan afhankelijk):"
"Message",Low,"De taak WriteLinesToFile uit assembly Microsoft.Build.Tasks.v4.0, Version=4.0.0.0, Culture=neutral, PublicKeyToken=b03f5f7f11d50a3a wordt gebruikt."
"Message",Low,"Taak WriteLinesToFile"
"Message",Low,"Uitvoeren van taak WriteLinesToFile voltooid."
"Message",Low,"De taak StartProcessTask uit assembly Microsoft.Build.ILTasks wordt gebruikt."
"Message",Low,"Taak StartProcessTask"
"Message",Normal,"Launching 'C:\Program Files (x86)\MSBuild\Microsoft\.NetNative\x64\ilc\tools\Gatekeeper.exe @""C:\Users\Bilel\Documents\Visual Studio 2015\Projects\Plenner\PlennerServerConsole\obj\x64\Release\ilc\intermediate\gkargs.rsp""'"
"Message",Low,"Microsoft (R) .NET Native Gatekeeper Version 1.0.24208.01 "
"Message",Low,"Copyright (C) Microsoft Corporation.  All rights reserved. "
"Message",Low," "
"Message",Low,"Checking assembly 'C:\Users\Bilel\Documents\Visual Studio 2015\Projects\Plenner\PlennerServerConsole\obj\x64\Release\ilc\in\DataLab.dll'. "
"Message",Low,"Checking assembly 'C:\Users\Bilel\Documents\Visual Studio 2015\Projects\Plenner\PlennerServerConsole\obj\x64\Release\ilc\in\Microsoft.ApplicationInsights.dll'. "
"Message",Low,"Checking assembly 'C:\Users\Bilel\Documents\Visual Studio 2015\Projects\Plenner\PlennerServerConsole\obj\x64\Release\ilc\in\Microsoft.ApplicationInsights.Extensibility.Windows.dll'. "
"Message",Low,"Checking assembly 'C:\Users\Bilel\Documents\Visual Studio 2015\Projects\Plenner\PlennerServerConsole\obj\x64\Release\ilc\in\Microsoft.ApplicationInsights.PersistenceChannel.dll'. "
"Message",Low,"Checking assembly 'C:\Users\Bilel\Documents\Visual Studio 2015\Projects\Plenner\PlennerServerConsole\obj\x64\Release\ilc\in\PlennerServer.exe'. "
"Message",Normal,"'C:\Program Files (x86)\MSBuild\Microsoft\.NetNative\x64\ilc\tools\Gatekeeper.exe @""C:\Users\Bilel\Documents\Visual Studio 2015\Projects\Plenner\PlennerServerConsole\obj\x64\Release\ilc\intermediate\gkargs.rsp""' completed."
"Message",Normal,"Process execution statistics (all times in milliseconds)"
"Message",Normal,"-----------------------------------------------------------------------------"
"Message",Normal,"launch  |  start   |   stop   |   end    | duration | lifetime | [slot] name"
"Message",Normal,"-----------------------------------------------------------------------------"
"Message",Normal,"       0 |       16 |      766 |      766 |      750 |      766 | [0] Gatekeeper"
"Message",Normal,"Number of commands:      1"
"Message",Normal,"Total system time:       766 ms"
"Message",Normal,"System time per command: 766 ms"
"Message",Normal,"Total duration:          750 ms"
"Message",Normal,"Total lifetime:          766 ms"
"Message",Normal,"Requested DOP:           4"
"Message",Normal,"Duration DOP:            1,0"
"Message",Normal,"Lifetime DOP:            1,0"
"Message",Low,"Uitvoeren van taak StartProcessTask voltooid."
"Message",Low,"Opbouwen van doel RunGatekeeper in project Unnamed_1 voltooid."
"Message",Low,"Doel LogAppContextSwitches in bestand C:\Program Files (x86)\MSBuild\Microsoft\.NetNative\x64\ilc\IlcInternals.targets uit project C:\Users\Bilel\Documents\Visual Studio 2015\Projects\Plenner\PlennerServerConsole\Unnamed_1 (doel SetMainTargetPaths is hiervan afhankelijk):"
"Message",Low,"De taak Message uit assembly Microsoft.Build.Tasks.v4.0, Version=4.0.0.0, Culture=neutral, PublicKeyToken=b03f5f7f11d50a3a wordt gebruikt."
"Message",Low,"Taak Message"
"Message",Normal,"AppContextSwitch: ''"
"Message",Low,"Uitvoeren van taak Message voltooid."
"Message",Low,"Opbouwen van doel LogAppContextSwitches in project Unnamed_1 voltooid."
"Message",Low,"Doel SetMainTargetPaths in bestand C:\Program Files (x86)\MSBuild\Microsoft\.NetNative\x64\ilc\IlcInternals.targets uit project C:\Users\Bilel\Documents\Visual Studio 2015\Projects\Plenner\PlennerServerConsole\Unnamed_1 (doel CopyNativeExecutablesToOutput is hiervan afhankelijk):"
"Message",Low,"Opbouwen van doel SetMainTargetPaths in project Unnamed_1 voltooid."
"Message",Low,"Doel GenerateFakeExe overgeslagen vanwege onjuiste voorwaarde; (!Exists('@(InputILTarget)')) heeft (!Exists('C:\Users\Bilel\Documents\Visual Studio 2015\Projects\Plenner\PlennerServerConsole\obj\x64\Release\ilc\in\PlennerServer.exe')) opgeleverd."
"Message",Low,"Doel InjectCoreLibTypeForwards overgeslagen vanwege onjuiste voorwaarde; ('$(UseSharedAssemblies)' != 'true') heeft ('true' != 'true') opgeleverd."
"Message",Low,"Doel InjectWindowsRuntimeTypeForwards in bestand C:\Program Files (x86)\MSBuild\Microsoft\.NetNative\x64\ilc\IlcInternals.targets uit project C:\Users\Bilel\Documents\Visual Studio 2015\Projects\Plenner\PlennerServerConsole\Unnamed_1 (doel RunILTransforms is hiervan afhankelijk):"
"Message",Low,"De taak MakeDir uit assembly Microsoft.Build.Tasks.v4.0, Version=4.0.0.0, Culture=neutral, PublicKeyToken=b03f5f7f11d50a3a wordt gebruikt."
"Message",Low,"Taak MakeDir"
"Message",Normal,"De map C:\Users\Bilel\Documents\Visual Studio 2015\Projects\Plenner\PlennerServerConsole\obj\x64\Release\ilc\intermediate\TransformedSRWR\ wordt gemaakt."
"Message",Low,"Uitvoeren van taak MakeDir voltooid."
"Message",Low,"De taak ILTransformTask uit assembly Microsoft.Build.ILTasks wordt gebruikt."
"Message",Low,"Taak ILTransformTask"
"Message",Normal,"Running 'InjectWindowsRuntimeTypeForwards' transform, heap at 8 MB."
"Message",Normal,"Running 'WriteAssemblies' transform, heap at 14 MB."
"Message",Normal,""
"Message",Normal,"Transform summary"
"Message",Normal,"    ms | heap delta | name"
"Message",Normal,"   193 |          2 | WriteAssemblies"
"Message",Normal,"    81 |          6 | InjectWindowsRuntimeTypeForwards"
"Message",Low,"Uitvoeren van taak ILTransformTask voltooid."
"Message",Low,"Opbouwen van doel InjectWindowsRuntimeTypeForwards in project Unnamed_1 voltooid."
"Message",Low,"Doel InjectCoreLibTypeForwards overgeslagen vanwege onjuiste voorwaarde; ('$(UseSharedAssemblies)' != 'true') heeft ('true' != 'true') opgeleverd."
"Message",Low,"Doel PreResolveTransforms in bestand C:\Program Files (x86)\MSBuild\Microsoft\.NetNative\x64\ilc\IlcInternals.targets uit project C:\Users\Bilel\Documents\Visual Studio 2015\Projects\Plenner\PlennerServerConsole\Unnamed_1 (doel RunILTransforms is hiervan afhankelijk):"
"Message",Low,"Doel PreResolveTransforms wordt volledig opgebouwd."
"Message",Low,"Uitvoerbestand C:\Users\Bilel\Documents\Visual Studio 2015\Projects\Plenner\PlennerServerConsole\obj\x64\Release\ilc\intermediate\PreMergeILTransformed\PlennerServer.exe bestaat niet."
"Message",Low,"Taak MakeDir"
"Message",Normal,"De map C:\Users\Bilel\Documents\Visual Studio 2015\Projects\Plenner\PlennerServerConsole\obj\x64\Release\ilc\intermediate\PreMergeILTransformed\ wordt gemaakt."
"Message",Low,"Uitvoeren van taak MakeDir voltooid."
"Message",Low,"Taak Message"
"Message",Normal,"Running AssemblyClosureTask in PreResolveTransforms"
"Message",Low,"Uitvoeren van taak Message voltooid."
"Message",Low,"De taak AssemblyClosureTask uit assembly Microsoft.Build.ILTasks wordt gebruikt."
"Message",Low,"Taak AssemblyClosureTask"
"Message",Low,"Uitvoeren van taak AssemblyClosureTask voltooid."
"Message",Low,"Taak ILTransformTask"
"Message",Normal,"Running 'ResolveSelfReferences' transform, heap at 25 MB."
"Message",Normal,"Running 'RemoveDuplicateMembers' transform, heap at 43 MB."
"Message",Normal,"Running 'PortableLib' transform, heap at 43 MB."
"Message",Normal,"Running 'WriteAssemblies' transform, heap at 43 MB."
"Message",Normal,""
"Message",Normal,"Transform summary"
"Message",Normal,"    ms | heap delta | name"
"Message",Normal,"   199 |         18 | ResolveSelfReferences"
"Message",Normal,"     0 |          0 | WriteAssemblies"
"Message",Normal,"     0 |          0 | PortableLib"
"Message",Normal,"     0 |          0 | RemoveDuplicateMembers"
"Message",Low,"Uitvoeren van taak ILTransformTask voltooid."
"Message",Low,"De taak Copy uit assembly Microsoft.Build.Tasks.v4.0, Version=4.0.0.0, Culture=neutral, PublicKeyToken=b03f5f7f11d50a3a wordt gebruikt."
"Message",Low,"Taak Copy"
"Message",Normal,"Bestand wordt gekopieerd van C:\Users\Bilel\Documents\Visual Studio 2015\Projects\Plenner\PlennerServerConsole\obj\x64\Release\ilc\in\PlennerServer.pdb naar C:\Users\Bilel\Documents\Visual Studio 2015\Projects\Plenner\PlennerServerConsole\obj\x64\Release\ilc\intermediate\PreMergeILTransformed\PlennerServer.pdb."
"Message",Low,"Uitvoeren van taak Copy voltooid."
"Message",Low,"Taak Copy"
"Message",Normal,"Bestand wordt gekopieerd van C:\Users\Bilel\Documents\Visual Studio 2015\Projects\Plenner\PlennerServerConsole\obj\x64\Release\ilc\in\PlennerServer.exe naar C:\Users\Bilel\Documents\Visual Studio 2015\Projects\Plenner\PlennerServerConsole\obj\x64\Release\ilc\intermediate\PreMergeILTransformed\PlennerServer.exe."
"Message",Low,"Uitvoeren van taak Copy voltooid."
"Message",Low,"Taak Copy overgeslagen vanwege onjuiste voorwaarde; ('$(HasMcgPatchDlls)'=='true') heeft (''=='true') opgeleverd."
"Message",Low,"Opbouwen van doel PreResolveTransforms in project Unnamed_1 voltooid."
"Message",Low,"Doel InitInputResourceName in bestand C:\Program Files (x86)\MSBuild\Microsoft\.NetNative\x64\ilc\IlcInternals.targets uit project C:\Users\Bilel\Documents\Visual Studio 2015\Projects\Plenner\PlennerServerConsole\Unnamed_1 (doel RunILTransforms is hiervan afhankelijk):"
"Message",Low,"Taak ResolveFilePathTask overgeslagen vanwege onjuiste voorwaarde; ('$(InputPath)' != '' and Exists('$(InputPath)\obj\')) heeft ('C:\Users\Bilel\Documents\Visual Studio 2015\Projects\Plenner\PlennerServerConsole\obj\x64\Release\ilc\in' != '' and Exists('C:\Users\Bilel\Documents\Visual Studio 2015\Projects\Plenner\PlennerServerConsole\obj\x64\Release\ilc\in\obj\')) opgeleverd."
"Message",Low,"De taak ResolveFilePathTask uit assembly Microsoft.Build.ILTasks wordt gebruikt."
"Message",Low,"Taak ResolveFilePathTask"
"Message",Low,"Uitvoeren van taak ResolveFilePathTask voltooid."
"Message",Low,"Opbouwen van doel InitInputResourceName in project Unnamed_1 voltooid."
"Message",Low,"Doel PreResolveTransforms overgeslagen. Vorige opbouw geslaagd."
"Message",Low,"Doel SetForSharedInputs in bestand C:\Program Files (x86)\MSBuild\Microsoft\.NetNative\x64\ilc\IlcInternals.targets uit project C:\Users\Bilel\Documents\Visual Studio 2015\Projects\Plenner\PlennerServerConsole\Unnamed_1 (doel ResolveInitialReferences is hiervan afhankelijk):"
"Message",Low,"Doel SetForSharedInputs wordt volledig opgebouwd."
"Message",Low,"Er zijn geen invoerbestanden opgegeven."
"Message",Low,"Taak IlcErrorTask overgeslagen vanwege onjuiste voorwaarde; (!Exists('$(InputSharedAssemblyListPath)')) heeft (!Exists('C:\Program Files (x86)\Microsoft SDKs\Windows Kits\10\ExtensionSDKs\Microsoft.NET.Native.Framework.1.3\1.3\x64\ret\SharedAssemblyList.txt')) opgeleverd."
"Message",Low,"De taak ReadLinesFromFile uit assembly Microsoft.Build.Tasks.v4.0, Version=4.0.0.0, Culture=neutral, PublicKeyToken=b03f5f7f11d50a3a wordt gebruikt."
"Message",Low,"Taak ReadLinesFromFile"
"Message",Low,"Uitvoeren van taak ReadLinesFromFile voltooid."
"Message",Low,"Taak IlcErrorTask overgeslagen vanwege onjuiste voorwaarde; (!Exists('$(InputSharedAssemblyPath)\%(SharedLibraryContent.Identity)')) heeft (!Exists('C:\Program Files (x86)\Microsoft SDKs\Windows Kits\10\ExtensionSDKs\Microsoft.NET.Native.Framework.1.3\1.3\x64\ret\SharedAssemblyILMergeInfo.csv')) opgeleverd."
"Message",Low,"Taak IlcErrorTask overgeslagen vanwege onjuiste voorwaarde; (!Exists('$(InputSharedAssemblyPath)\%(SharedLibraryContent.Identity)')) heeft (!Exists('C:\Program Files (x86)\Microsoft SDKs\Windows Kits\10\ExtensionSDKs\Microsoft.NET.Native.Framework.1.3\1.3\x64\ret\SharedLibrary.iltransformtoc.ildll')) opgeleverd."
"Message",Low,"Taak IlcErrorTask overgeslagen vanwege onjuiste voorwaarde; (!Exists('$(InputSharedAssemblyPath)\%(SharedLibraryContent.Identity)')) heeft (!Exists('C:\Program Files (x86)\Microsoft SDKs\Windows Kits\10\ExtensionSDKs\Microsoft.NET.Native.Framework.1.3\1.3\x64\ret\AnalysisILToc\System.Collections.iltoc')) opgeleverd."
"Message",Low,"Taak IlcErrorTask overgeslagen vanwege onjuiste voorwaarde; (!Exists('$(InputSharedAssemblyPath)\%(SharedLibraryContent.Identity)')) heeft (!Exists('C:\Program Files (x86)\Microsoft SDKs\Windows Kits\10\ExtensionSDKs\Microsoft.NET.Native.Framework.1.3\1.3\x64\ret\AnalysisILToc\System.Collections.Concurrent.iltoc')) opgeleverd."
"Message",Low,"Taak IlcErrorTask overgeslagen vanwege onjuiste voorwaarde; (!Exists('$(InputSharedAssemblyPath)\%(SharedLibraryContent.Identity)')) heeft (!Exists('C:\Program Files (x86)\Microsoft SDKs\Windows Kits\10\ExtensionSDKs\Microsoft.NET.Native.Framework.1.3\1.3\x64\ret\AnalysisILToc\System.Diagnostics.Tracing.iltoc')) opgeleverd."
"Message",Low,"Taak IlcErrorTask overgeslagen vanwege onjuiste voorwaarde; (!Exists('$(InputSharedAssemblyPath)\%(SharedLibraryContent.Identity)')) heeft (!Exists('C:\Program Files (x86)\Microsoft SDKs\Windows Kits\10\ExtensionSDKs\Microsoft.NET.Native.Framework.1.3\1.3\x64\ret\AnalysisILToc\System.Dynamic.Runtime.iltoc')) opgeleverd."
"Message",Low,"Taak IlcErrorTask overgeslagen vanwege onjuiste voorwaarde; (!Exists('$(InputSharedAssemblyPath)\%(SharedLibraryContent.Identity)')) heeft (!Exists('C:\Program Files (x86)\Microsoft SDKs\Windows Kits\10\ExtensionSDKs\Microsoft.NET.Native.Framework.1.3\1.3\x64\ret\AnalysisILToc\System.IO.iltoc')) opgeleverd."
"Message",Low,"Taak IlcErrorTask overgeslagen vanwege onjuiste voorwaarde; (!Exists('$(InputSharedAssemblyPath)\%(SharedLibraryContent.Identity)')) heeft (!Exists('C:\Program Files (x86)\Microsoft SDKs\Windows Kits\10\ExtensionSDKs\Microsoft.NET.Native.Framework.1.3\1.3\x64\ret\AnalysisILToc\System.Linq.iltoc')) opgeleverd."
"Message",Low,"Taak IlcErrorTask overgeslagen vanwege onjuiste voorwaarde; (!Exists('$(InputSharedAssemblyPath)\%(SharedLibraryContent.Identity)')) heeft (!Exists('C:\Program Files (x86)\Microsoft SDKs\Windows Kits\10\ExtensionSDKs\Microsoft.NET.Native.Framework.1.3\1.3\x64\ret\AnalysisILToc\System.Linq.Expressions.iltoc')) opgeleverd."
"Message",Low,"Taak IlcErrorTask overgeslagen vanwege onjuiste voorwaarde; (!Exists('$(InputSharedAssemblyPath)\%(SharedLibraryContent.Identity)')) heeft (!Exists('C:\Program Files (x86)\Microsoft SDKs\Windows Kits\10\ExtensionSDKs\Microsoft.NET.Native.Framework.1.3\1.3\x64\ret\AnalysisILToc\System.ObjectModel.iltoc')) opgeleverd."
"Message",Low,"Taak IlcErrorTask overgeslagen vanwege onjuiste voorwaarde; (!Exists('$(InputSharedAssemblyPath)\%(SharedLibraryContent.Identity)')) heeft (!Exists('C:\Program Files (x86)\Microsoft SDKs\Windows Kits\10\ExtensionSDKs\Microsoft.NET.Native.Framework.1.3\1.3\x64\ret\AnalysisILToc\System.Private.CoreLib.iltoc')) opgeleverd."
"Message",Low,"Taak IlcErrorTask overgeslagen vanwege onjuiste voorwaarde; (!Exists('$(InputSharedAssemblyPath)\%(SharedLibraryContent.Identity)')) heeft (!Exists('C:\Program Files (x86)\Microsoft SDKs\Windows Kits\10\ExtensionSDKs\Microsoft.NET.Native.Framework.1.3\1.3\x64\ret\AnalysisILToc\System.Private.Interop.iltoc')) opgeleverd."
"Message",Low,"Taak IlcErrorTask overgeslagen vanwege onjuiste voorwaarde; (!Exists('$(InputSharedAssemblyPath)\%(SharedLibraryContent.Identity)')) heeft (!Exists('C:\Program Files (x86)\Microsoft SDKs\Windows Kits\10\ExtensionSDKs\Microsoft.NET.Native.Framework.1.3\1.3\x64\ret\AnalysisILToc\System.Private.Reflection.iltoc')) opgeleverd."
"Message",Low,"Taak IlcErrorTask overgeslagen vanwege onjuiste voorwaarde; (!Exists('$(InputSharedAssemblyPath)\%(SharedLibraryContent.Identity)')) heeft (!Exists('C:\Program Files (x86)\Microsoft SDKs\Windows Kits\10\ExtensionSDKs\Microsoft.NET.Native.Framework.1.3\1.3\x64\ret\AnalysisILToc\System.Private.Reflection.Core.iltoc')) opgeleverd."
"Message",Low,"Taak IlcErrorTask overgeslagen vanwege onjuiste voorwaarde; (!Exists('$(InputSharedAssemblyPath)\%(SharedLibraryContent.Identity)')) heeft (!Exists('C:\Program Files (x86)\Microsoft SDKs\Windows Kits\10\ExtensionSDKs\Microsoft.NET.Native.Framework.1.3\1.3\x64\ret\AnalysisILToc\System.Private.Reflection.Execution.iltoc')) opgeleverd."
"Message",Low,"Taak IlcErrorTask overgeslagen vanwege onjuiste voorwaarde; (!Exists('$(InputSharedAssemblyPath)\%(SharedLibraryContent.Identity)')) heeft (!Exists('C:\Program Files (x86)\Microsoft SDKs\Windows Kits\10\ExtensionSDKs\Microsoft.NET.Native.Framework.1.3\1.3\x64\ret\AnalysisILToc\System.Private.Reflection.Metadata.iltoc')) opgeleverd."
"Message",Low,"Taak IlcErrorTask overgeslagen vanwege onjuiste voorwaarde; (!Exists('$(InputSharedAssemblyPath)\%(SharedLibraryContent.Identity)')) heeft (!Exists('C:\Program Files (x86)\Microsoft SDKs\Windows Kits\10\ExtensionSDKs\Microsoft.NET.Native.Framework.1.3\1.3\x64\ret\AnalysisILToc\System.Private.Threading.iltoc')) opgeleverd."
"Message",Low,"Taak IlcErrorTask overgeslagen vanwege onjuiste voorwaarde; (!Exists('$(InputSharedAssemblyPath)\%(SharedLibraryContent.Identity)')) heeft (!Exists('C:\Program Files (x86)\Microsoft SDKs\Windows Kits\10\ExtensionSDKs\Microsoft.NET.Native.Framework.1.3\1.3\x64\ret\AnalysisILToc\System.Private.TypeLoader.iltoc')) opgeleverd."
"Message",Low,"Taak IlcErrorTask overgeslagen vanwege onjuiste voorwaarde; (!Exists('$(InputSharedAssemblyPath)\%(SharedLibraryContent.Identity)')) heeft (!Exists('C:\Program Files (x86)\Microsoft SDKs\Windows Kits\10\ExtensionSDKs\Microsoft.NET.Native.Framework.1.3\1.3\x64\ret\AnalysisILToc\System.Private.Uri.iltoc')) opgeleverd."
"Message",Low,"Taak IlcErrorTask overgeslagen vanwege onjuiste voorwaarde; (!Exists('$(InputSharedAssemblyPath)\%(SharedLibraryContent.Identity)')) heeft (!Exists('C:\Program Files (x86)\Microsoft SDKs\Windows Kits\10\ExtensionSDKs\Microsoft.NET.Native.Framework.1.3\1.3\x64\ret\AnalysisILToc\System.Reflection.Extensions.iltoc')) opgeleverd."
"Message",Low,"Taak IlcErrorTask overgeslagen vanwege onjuiste voorwaarde; (!Exists('$(InputSharedAssemblyPath)\%(SharedLibraryContent.Identity)')) heeft (!Exists('C:\Program Files (x86)\Microsoft SDKs\Windows Kits\10\ExtensionSDKs\Microsoft.NET.Native.Framework.1.3\1.3\x64\ret\AnalysisILToc\System.Reflection.Primitives.iltoc')) opgeleverd."
"Message",Low,"Taak IlcErrorTask overgeslagen vanwege onjuiste voorwaarde; (!Exists('$(InputSharedAssemblyPath)\%(SharedLibraryContent.Identity)')) heeft (!Exists('C:\Program Files (x86)\Microsoft SDKs\Windows Kits\10\ExtensionSDKs\Microsoft.NET.Native.Framework.1.3\1.3\x64\ret\AnalysisILToc\System.Reflection.TypeExtensions.iltoc')) opgeleverd."
"Message",Low,"Taak IlcErrorTask overgeslagen vanwege onjuiste voorwaarde; (!Exists('$(InputSharedAssemblyPath)\%(SharedLibraryContent.Identity)')) heeft (!Exists('C:\Program Files (x86)\Microsoft SDKs\Windows Kits\10\ExtensionSDKs\Microsoft.NET.Native.Framework.1.3\1.3\x64\ret\AnalysisILToc\System.Resources.ResourceManager.iltoc')) opgeleverd."
"Message",Low,"Taak IlcErrorTask overgeslagen vanwege onjuiste voorwaarde; (!Exists('$(InputSharedAssemblyPath)\%(SharedLibraryContent.Identity)')) heeft (!Exists('C:\Program Files (x86)\Microsoft SDKs\Windows Kits\10\ExtensionSDKs\Microsoft.NET.Native.Framework.1.3\1.3\x64\ret\AnalysisILToc\System.Runtime.Extensions.iltoc')) opgeleverd."
"Message",Low,"Taak IlcErrorTask overgeslagen vanwege onjuiste voorwaarde; (!Exists('$(InputSharedAssemblyPath)\%(SharedLibraryContent.Identity)')) heeft (!Exists('C:\Program Files (x86)\Microsoft SDKs\Windows Kits\10\ExtensionSDKs\Microsoft.NET.Native.Framework.1.3\1.3\x64\ret\AnalysisILToc\System.Runtime.Implementation.iltoc')) opgeleverd."
"Message",Low,"Taak IlcErrorTask overgeslagen vanwege onjuiste voorwaarde; (!Exists('$(InputSharedAssemblyPath)\%(SharedLibraryContent.Identity)')) heeft (!Exists('C:\Program Files (x86)\Microsoft SDKs\Windows Kits\10\ExtensionSDKs\Microsoft.NET.Native.Framework.1.3\1.3\x64\ret\AnalysisILToc\System.Text.RegularExpressions.iltoc')) opgeleverd."
"Message",Low,"Taak IlcErrorTask overgeslagen vanwege onjuiste voorwaarde; (!Exists('$(InputSharedAssemblyPath)\%(SharedLibraryContent.Identity)')) heeft (!Exists('C:\Program Files (x86)\Microsoft SDKs\Windows Kits\10\ExtensionSDKs\Microsoft.NET.Native.Framework.1.3\1.3\x64\ret\AnalysisILToc\System.Private.SharedLibrary.Interop.Generated.iltoc')) opgeleverd."
"Message",Low,"Taak IlcErrorTask overgeslagen vanwege onjuiste voorwaarde; (!Exists('$(InputSharedAssemblyPath)\%(SharedLibraryContent.Identity)')) heeft (!Exists('C:\Program Files (x86)\Microsoft SDKs\Windows Kits\10\ExtensionSDKs\Microsoft.NET.Native.Framework.1.3\1.3\x64\ret\AnalysisILToc\System.Collections.iltocpdb')) opgeleverd."
"Message",Low,"Taak IlcErrorTask overgeslagen vanwege onjuiste voorwaarde; (!Exists('$(InputSharedAssemblyPath)\%(SharedLibraryContent.Identity)')) heeft (!Exists('C:\Program Files (x86)\Microsoft SDKs\Windows Kits\10\ExtensionSDKs\Microsoft.NET.Native.Framework.1.3\1.3\x64\ret\AnalysisILToc\System.Collections.Concurrent.iltocpdb')) opgeleverd."
"Message",Low,"Taak IlcErrorTask overgeslagen vanwege onjuiste voorwaarde; (!Exists('$(InputSharedAssemblyPath)\%(SharedLibraryContent.Identity)')) heeft (!Exists('C:\Program Files (x86)\Microsoft SDKs\Windows Kits\10\ExtensionSDKs\Microsoft.NET.Native.Framework.1.3\1.3\x64\ret\AnalysisILToc\System.Diagnostics.Tracing.iltocpdb')) opgeleverd."
"Message",Low,"Taak IlcErrorTask overgeslagen vanwege onjuiste voorwaarde; (!Exists('$(InputSharedAssemblyPath)\%(SharedLibraryContent.Identity)')) heeft (!Exists('C:\Program Files (x86)\Microsoft SDKs\Windows Kits\10\ExtensionSDKs\Microsoft.NET.Native.Framework.1.3\1.3\x64\ret\AnalysisILToc\System.Dynamic.Runtime.iltocpdb')) opgeleverd."
"Message",Low,"Taak IlcErrorTask overgeslagen vanwege onjuiste voorwaarde; (!Exists('$(InputSharedAssemblyPath)\%(SharedLibraryContent.Identity)')) heeft (!Exists('C:\Program Files (x86)\Microsoft SDKs\Windows Kits\10\ExtensionSDKs\Microsoft.NET.Native.Framework.1.3\1.3\x64\ret\AnalysisILToc\System.IO.iltocpdb')) opgeleverd."
"Message",Low,"Taak IlcErrorTask overgeslagen vanwege onjuiste voorwaarde; (!Exists('$(InputSharedAssemblyPath)\%(SharedLibraryContent.Identity)')) heeft (!Exists('C:\Program Files (x86)\Microsoft SDKs\Windows Kits\10\ExtensionSDKs\Microsoft.NET.Native.Framework.1.3\1.3\x64\ret\AnalysisILToc\System.Linq.iltocpdb')) opgeleverd."
"Message",Low,"Taak IlcErrorTask overgeslagen vanwege onjuiste voorwaarde; (!Exists('$(InputSharedAssemblyPath)\%(SharedLibraryContent.Identity)')) heeft (!Exists('C:\Program Files (x86)\Microsoft SDKs\Windows Kits\10\ExtensionSDKs\Microsoft.NET.Native.Framework.1.3\1.3\x64\ret\AnalysisILToc\System.Linq.Expressions.iltocpdb')) opgeleverd."
"Message",Low,"Taak IlcErrorTask overgeslagen vanwege onjuiste voorwaarde; (!Exists('$(InputSharedAssemblyPath)\%(SharedLibraryContent.Identity)')) heeft (!Exists('C:\Program Files (x86)\Microsoft SDKs\Windows Kits\10\ExtensionSDKs\Microsoft.NET.Native.Framework.1.3\1.3\x64\ret\AnalysisILToc\System.ObjectModel.iltocpdb')) opgeleverd."
"Message",Low,"Taak IlcErrorTask overgeslagen vanwege onjuiste voorwaarde; (!Exists('$(InputSharedAssemblyPath)\%(SharedLibraryContent.Identity)')) heeft (!Exists('C:\Program Files (x86)\Microsoft SDKs\Windows Kits\10\ExtensionSDKs\Microsoft.NET.Native.Framework.1.3\1.3\x64\ret\AnalysisILToc\System.Private.CoreLib.iltocpdb')) opgeleverd."
"Message",Low,"Taak IlcErrorTask overgeslagen vanwege onjuiste voorwaarde; (!Exists('$(InputSharedAssemblyPath)\%(SharedLibraryContent.Identity)')) heeft (!Exists('C:\Program Files (x86)\Microsoft SDKs\Windows Kits\10\ExtensionSDKs\Microsoft.NET.Native.Framework.1.3\1.3\x64\ret\AnalysisILToc\System.Private.Interop.iltocpdb')) opgeleverd."
"Message",Low,"Taak IlcErrorTask overgeslagen vanwege onjuiste voorwaarde; (!Exists('$(InputSharedAssemblyPath)\%(SharedLibraryContent.Identity)')) heeft (!Exists('C:\Program Files (x86)\Microsoft SDKs\Windows Kits\10\ExtensionSDKs\Microsoft.NET.Native.Framework.1.3\1.3\x64\ret\AnalysisILToc\System.Private.Reflection.iltocpdb')) opgeleverd."
"Message",Low,"Taak IlcErrorTask overgeslagen vanwege onjuiste voorwaarde; (!Exists('$(InputSharedAssemblyPath)\%(SharedLibraryContent.Identity)')) heeft (!Exists('C:\Program Files (x86)\Microsoft SDKs\Windows Kits\10\ExtensionSDKs\Microsoft.NET.Native.Framework.1.3\1.3\x64\ret\AnalysisILToc\System.Private.Reflection.Core.iltocpdb')) opgeleverd."
"Message",Low,"Taak IlcErrorTask overgeslagen vanwege onjuiste voorwaarde; (!Exists('$(InputSharedAssemblyPath)\%(SharedLibraryContent.Identity)')) heeft (!Exists('C:\Program Files (x86)\Microsoft SDKs\Windows Kits\10\ExtensionSDKs\Microsoft.NET.Native.Framework.1.3\1.3\x64\ret\AnalysisILToc\System.Private.Reflection.Execution.iltocpdb')) opgeleverd."
"Message",Low,"Taak IlcErrorTask overgeslagen vanwege onjuiste voorwaarde; (!Exists('$(InputSharedAssemblyPath)\%(SharedLibraryContent.Identity)')) heeft (!Exists('C:\Program Files (x86)\Microsoft SDKs\Windows Kits\10\ExtensionSDKs\Microsoft.NET.Native.Framework.1.3\1.3\x64\ret\AnalysisILToc\System.Private.Reflection.Metadata.iltocpdb')) opgeleverd."
"Message",Low,"Taak IlcErrorTask overgeslagen vanwege onjuiste voorwaarde; (!Exists('$(InputSharedAssemblyPath)\%(SharedLibraryContent.Identity)')) heeft (!Exists('C:\Program Files (x86)\Microsoft SDKs\Windows Kits\10\ExtensionSDKs\Microsoft.NET.Native.Framework.1.3\1.3\x64\ret\AnalysisILToc\System.Private.Threading.iltocpdb')) opgeleverd."
"Message",Low,"Taak IlcErrorTask overgeslagen vanwege onjuiste voorwaarde; (!Exists('$(InputSharedAssemblyPath)\%(SharedLibraryContent.Identity)')) heeft (!Exists('C:\Program Files (x86)\Microsoft SDKs\Windows Kits\10\ExtensionSDKs\Microsoft.NET.Native.Framework.1.3\1.3\x64\ret\AnalysisILToc\System.Private.TypeLoader.iltocpdb')) opgeleverd."
"Message",Low,"Taak IlcErrorTask overgeslagen vanwege onjuiste voorwaarde; (!Exists('$(InputSharedAssemblyPath)\%(SharedLibraryContent.Identity)')) heeft (!Exists('C:\Program Files (x86)\Microsoft SDKs\Windows Kits\10\ExtensionSDKs\Microsoft.NET.Native.Framework.1.3\1.3\x64\ret\AnalysisILToc\System.Private.Uri.iltocpdb')) opgeleverd."
"Message",Low,"Taak IlcErrorTask overgeslagen vanwege onjuiste voorwaarde; (!Exists('$(InputSharedAssemblyPath)\%(SharedLibraryContent.Identity)')) heeft (!Exists('C:\Program Files (x86)\Microsoft SDKs\Windows Kits\10\ExtensionSDKs\Microsoft.NET.Native.Framework.1.3\1.3\x64\ret\AnalysisILToc\System.Reflection.Extensions.iltocpdb')) opgeleverd."
"Message",Low,"Taak IlcErrorTask overgeslagen vanwege onjuiste voorwaarde; (!Exists('$(InputSharedAssemblyPath)\%(SharedLibraryContent.Identity)')) heeft (!Exists('C:\Program Files (x86)\Microsoft SDKs\Windows Kits\10\ExtensionSDKs\Microsoft.NET.Native.Framework.1.3\1.3\x64\ret\AnalysisILToc\System.Reflection.Primitives.iltocpdb')) opgeleverd."
"Message",Low,"Taak IlcErrorTask overgeslagen vanwege onjuiste voorwaarde; (!Exists('$(InputSharedAssemblyPath)\%(SharedLibraryContent.Identity)')) heeft (!Exists('C:\Program Files (x86)\Microsoft SDKs\Windows Kits\10\ExtensionSDKs\Microsoft.NET.Native.Framework.1.3\1.3\x64\ret\AnalysisILToc\System.Reflection.TypeExtensions.iltocpdb')) opgeleverd."
"Message",Low,"Taak IlcErrorTask overgeslagen vanwege onjuiste voorwaarde; (!Exists('$(InputSharedAssemblyPath)\%(SharedLibraryContent.Identity)')) heeft (!Exists('C:\Program Files (x86)\Microsoft SDKs\Windows Kits\10\ExtensionSDKs\Microsoft.NET.Native.Framework.1.3\1.3\x64\ret\AnalysisILToc\System.Resources.ResourceManager.iltocpdb')) opgeleverd."
"Message",Low,"Taak IlcErrorTask overgeslagen vanwege onjuiste voorwaarde; (!Exists('$(InputSharedAssemblyPath)\%(SharedLibraryContent.Identity)')) heeft (!Exists('C:\Program Files (x86)\Microsoft SDKs\Windows Kits\10\ExtensionSDKs\Microsoft.NET.Native.Framework.1.3\1.3\x64\ret\AnalysisILToc\System.Runtime.Extensions.iltocpdb')) opgeleverd."
"Message",Low,"Taak IlcErrorTask overgeslagen vanwege onjuiste voorwaarde; (!Exists('$(InputSharedAssemblyPath)\%(SharedLibraryContent.Identity)')) heeft (!Exists('C:\Program Files (x86)\Microsoft SDKs\Windows Kits\10\ExtensionSDKs\Microsoft.NET.Native.Framework.1.3\1.3\x64\ret\AnalysisILToc\System.Runtime.Implementation.iltocpdb')) opgeleverd."
"Message",Low,"Taak IlcErrorTask overgeslagen vanwege onjuiste voorwaarde; (!Exists('$(InputSharedAssemblyPath)\%(SharedLibraryContent.Identity)')) heeft (!Exists('C:\Program Files (x86)\Microsoft SDKs\Windows Kits\10\ExtensionSDKs\Microsoft.NET.Native.Framework.1.3\1.3\x64\ret\AnalysisILToc\System.Text.RegularExpressions.iltocpdb')) opgeleverd."
"Message",Low,"Taak IlcErrorTask overgeslagen vanwege onjuiste voorwaarde; (!Exists('$(InputSharedAssemblyPath)\%(SharedLibraryContent.Identity)')) heeft (!Exists('C:\Program Files (x86)\Microsoft SDKs\Windows Kits\10\ExtensionSDKs\Microsoft.NET.Native.Framework.1.3\1.3\x64\ret\AnalysisILToc\System.Private.SharedLibrary.Interop.Generated.iltocpdb')) opgeleverd."
"Message",Low,"Taak IlcErrorTask overgeslagen vanwege onjuiste voorwaarde; (!Exists('$(InputSharedAssemblyPath)\%(SharedLibraryContent.Identity)')) heeft (!Exists('C:\Program Files (x86)\Microsoft SDKs\Windows Kits\10\ExtensionSDKs\Microsoft.NET.Native.Framework.1.3\1.3\x64\ret\ILToc\System.Collections.iltoc')) opgeleverd."
"Message",Low,"Taak IlcErrorTask overgeslagen vanwege onjuiste voorwaarde; (!Exists('$(InputSharedAssemblyPath)\%(SharedLibraryContent.Identity)')) heeft (!Exists('C:\Program Files (x86)\Microsoft SDKs\Windows Kits\10\ExtensionSDKs\Microsoft.NET.Native.Framework.1.3\1.3\x64\ret\ILToc\System.Collections.Concurrent.iltoc')) opgeleverd."
"Message",Low,"Taak IlcErrorTask overgeslagen vanwege onjuiste voorwaarde; (!Exists('$(InputSharedAssemblyPath)\%(SharedLibraryContent.Identity)')) heeft (!Exists('C:\Program Files (x86)\Microsoft SDKs\Windows Kits\10\ExtensionSDKs\Microsoft.NET.Native.Framework.1.3\1.3\x64\ret\ILToc\System.Diagnostics.Tracing.iltoc')) opgeleverd."
"Message",Low,"Taak IlcErrorTask overgeslagen vanwege onjuiste voorwaarde; (!Exists('$(InputSharedAssemblyPath)\%(SharedLibraryContent.Identity)')) heeft (!Exists('C:\Program Files (x86)\Microsoft SDKs\Windows Kits\10\ExtensionSDKs\Microsoft.NET.Native.Framework.1.3\1.3\x64\ret\ILToc\System.Dynamic.Runtime.iltoc')) opgeleverd."
"Message",Low,"Taak IlcErrorTask overgeslagen vanwege onjuiste voorwaarde; (!Exists('$(InputSharedAssemblyPath)\%(SharedLibraryContent.Identity)')) heeft (!Exists('C:\Program Files (x86)\Microsoft SDKs\Windows Kits\10\ExtensionSDKs\Microsoft.NET.Native.Framework.1.3\1.3\x64\ret\ILToc\System.IO.iltoc')) opgeleverd."
"Message",Low,"Taak IlcErrorTask overgeslagen vanwege onjuiste voorwaarde; (!Exists('$(InputSharedAssemblyPath)\%(SharedLibraryContent.Identity)')) heeft (!Exists('C:\Program Files (x86)\Microsoft SDKs\Windows Kits\10\ExtensionSDKs\Microsoft.NET.Native.Framework.1.3\1.3\x64\ret\ILToc\System.Linq.iltoc')) opgeleverd."
"Message",Low,"Taak IlcErrorTask overgeslagen vanwege onjuiste voorwaarde; (!Exists('$(InputSharedAssemblyPath)\%(SharedLibraryContent.Identity)')) heeft (!Exists('C:\Program Files (x86)\Microsoft SDKs\Windows Kits\10\ExtensionSDKs\Microsoft.NET.Native.Framework.1.3\1.3\x64\ret\ILToc\System.Linq.Expressions.iltoc')) opgeleverd."
"Message",Low,"Taak IlcErrorTask overgeslagen vanwege onjuiste voorwaarde; (!Exists('$(InputSharedAssemblyPath)\%(SharedLibraryContent.Identity)')) heeft (!Exists('C:\Program Files (x86)\Microsoft SDKs\Windows Kits\10\ExtensionSDKs\Microsoft.NET.Native.Framework.1.3\1.3\x64\ret\ILToc\System.ObjectModel.iltoc')) opgeleverd."
"Message",Low,"Taak IlcErrorTask overgeslagen vanwege onjuiste voorwaarde; (!Exists('$(InputSharedAssemblyPath)\%(SharedLibraryContent.Identity)')) heeft (!Exists('C:\Program Files (x86)\Microsoft SDKs\Windows Kits\10\ExtensionSDKs\Microsoft.NET.Native.Framework.1.3\1.3\x64\ret\ILToc\System.Private.CoreLib.iltoc')) opgeleverd."
"Message",Low,"Taak IlcErrorTask overgeslagen vanwege onjuiste voorwaarde; (!Exists('$(InputSharedAssemblyPath)\%(SharedLibraryContent.Identity)')) heeft (!Exists('C:\Program Files (x86)\Microsoft SDKs\Windows Kits\10\ExtensionSDKs\Microsoft.NET.Native.Framework.1.3\1.3\x64\ret\ILToc\System.Private.Interop.iltoc')) opgeleverd."
"Message",Low,"Taak IlcErrorTask overgeslagen vanwege onjuiste voorwaarde; (!Exists('$(InputSharedAssemblyPath)\%(SharedLibraryContent.Identity)')) heeft (!Exists('C:\Program Files (x86)\Microsoft SDKs\Windows Kits\10\ExtensionSDKs\Microsoft.NET.Native.Framework.1.3\1.3\x64\ret\ILToc\System.Private.Reflection.iltoc')) opgeleverd."
"Message",Low,"Taak IlcErrorTask overgeslagen vanwege onjuiste voorwaarde; (!Exists('$(InputSharedAssemblyPath)\%(SharedLibraryContent.Identity)')) heeft (!Exists('C:\Program Files (x86)\Microsoft SDKs\Windows Kits\10\ExtensionSDKs\Microsoft.NET.Native.Framework.1.3\1.3\x64\ret\ILToc\System.Private.Reflection.Core.iltoc')) opgeleverd."
"Message",Low,"Taak IlcErrorTask overgeslagen vanwege onjuiste voorwaarde; (!Exists('$(InputSharedAssemblyPath)\%(SharedLibraryContent.Identity)')) heeft (!Exists('C:\Program Files (x86)\Microsoft SDKs\Windows Kits\10\ExtensionSDKs\Microsoft.NET.Native.Framework.1.3\1.3\x64\ret\ILToc\System.Private.Reflection.Execution.iltoc')) opgeleverd."
"Message",Low,"Taak IlcErrorTask overgeslagen vanwege onjuiste voorwaarde; (!Exists('$(InputSharedAssemblyPath)\%(SharedLibraryContent.Identity)')) heeft (!Exists('C:\Program Files (x86)\Microsoft SDKs\Windows Kits\10\ExtensionSDKs\Microsoft.NET.Native.Framework.1.3\1.3\x64\ret\ILToc\System.Private.Reflection.Metadata.iltoc')) opgeleverd."
"Message",Low,"Taak IlcErrorTask overgeslagen vanwege onjuiste voorwaarde; (!Exists('$(InputSharedAssemblyPath)\%(SharedLibraryContent.Identity)')) heeft (!Exists('C:\Program Files (x86)\Microsoft SDKs\Windows Kits\10\ExtensionSDKs\Microsoft.NET.Native.Framework.1.3\1.3\x64\ret\ILToc\System.Private.Threading.iltoc')) opgeleverd."
"Message",Low,"Taak IlcErrorTask overgeslagen vanwege onjuiste voorwaarde; (!Exists('$(InputSharedAssemblyPath)\%(SharedLibraryContent.Identity)')) heeft (!Exists('C:\Program Files (x86)\Microsoft SDKs\Windows Kits\10\ExtensionSDKs\Microsoft.NET.Native.Framework.1.3\1.3\x64\ret\ILToc\System.Private.TypeLoader.iltoc')) opgeleverd."
"Message",Low,"Taak IlcErrorTask overgeslagen vanwege onjuiste voorwaarde; (!Exists('$(InputSharedAssemblyPath)\%(SharedLibraryContent.Identity)')) heeft (!Exists('C:\Program Files (x86)\Microsoft SDKs\Windows Kits\10\ExtensionSDKs\Microsoft.NET.Native.Framework.1.3\1.3\x64\ret\ILToc\System.Private.Uri.iltoc')) opgeleverd."
"Message",Low,"Taak IlcErrorTask overgeslagen vanwege onjuiste voorwaarde; (!Exists('$(InputSharedAssemblyPath)\%(SharedLibraryContent.Identity)')) heeft (!Exists('C:\Program Files (x86)\Microsoft SDKs\Windows Kits\10\ExtensionSDKs\Microsoft.NET.Native.Framework.1.3\1.3\x64\ret\ILToc\System.Reflection.Extensions.iltoc')) opgeleverd."
"Message",Low,"Taak IlcErrorTask overgeslagen vanwege onjuiste voorwaarde; (!Exists('$(InputSharedAssemblyPath)\%(SharedLibraryContent.Identity)')) heeft (!Exists('C:\Program Files (x86)\Microsoft SDKs\Windows Kits\10\ExtensionSDKs\Microsoft.NET.Native.Framework.1.3\1.3\x64\ret\ILToc\System.Reflection.Primitives.iltoc')) opgeleverd."
"Message",Low,"Taak IlcErrorTask overgeslagen vanwege onjuiste voorwaarde; (!Exists('$(InputSharedAssemblyPath)\%(SharedLibraryContent.Identity)')) heeft (!Exists('C:\Program Files (x86)\Microsoft SDKs\Windows Kits\10\ExtensionSDKs\Microsoft.NET.Native.Framework.1.3\1.3\x64\ret\ILToc\System.Reflection.TypeExtensions.iltoc')) opgeleverd."
"Message",Low,"Taak IlcErrorTask overgeslagen vanwege onjuiste voorwaarde; (!Exists('$(InputSharedAssemblyPath)\%(SharedLibraryContent.Identity)')) heeft (!Exists('C:\Program Files (x86)\Microsoft SDKs\Windows Kits\10\ExtensionSDKs\Microsoft.NET.Native.Framework.1.3\1.3\x64\ret\ILToc\System.Resources.ResourceManager.iltoc')) opgeleverd."
"Message",Low,"Taak IlcErrorTask overgeslagen vanwege onjuiste voorwaarde; (!Exists('$(InputSharedAssemblyPath)\%(SharedLibraryContent.Identity)')) heeft (!Exists('C:\Program Files (x86)\Microsoft SDKs\Windows Kits\10\ExtensionSDKs\Microsoft.NET.Native.Framework.1.3\1.3\x64\ret\ILToc\System.Runtime.Extensions.iltoc')) opgeleverd."
"Message",Low,"Taak IlcErrorTask overgeslagen vanwege onjuiste voorwaarde; (!Exists('$(InputSharedAssemblyPath)\%(SharedLibraryContent.Identity)')) heeft (!Exists('C:\Program Files (x86)\Microsoft SDKs\Windows Kits\10\ExtensionSDKs\Microsoft.NET.Native.Framework.1.3\1.3\x64\ret\ILToc\System.Runtime.Implementation.iltoc')) opgeleverd."
"Message",Low,"Taak IlcErrorTask overgeslagen vanwege onjuiste voorwaarde; (!Exists('$(InputSharedAssemblyPath)\%(SharedLibraryContent.Identity)')) heeft (!Exists('C:\Program Files (x86)\Microsoft SDKs\Windows Kits\10\ExtensionSDKs\Microsoft.NET.Native.Framework.1.3\1.3\x64\ret\ILToc\System.Text.RegularExpressions.iltoc')) opgeleverd."
"Message",Low,"Taak IlcErrorTask overgeslagen vanwege onjuiste voorwaarde; (!Exists('$(InputSharedAssemblyPath)\%(SharedLibraryContent.Identity)')) heeft (!Exists('C:\Program Files (x86)\Microsoft SDKs\Windows Kits\10\ExtensionSDKs\Microsoft.NET.Native.Framework.1.3\1.3\x64\ret\ILToc\System.Private.SharedLibrary.Interop.Generated.iltoc')) opgeleverd."
"Message",Low,"Taak IlcErrorTask overgeslagen vanwege onjuiste voorwaarde; (!Exists('$(InputSharedAssemblyPath)\%(SharedLibraryContent.Identity)')) heeft (!Exists('C:\Program Files (x86)\Microsoft SDKs\Windows Kits\10\ExtensionSDKs\Microsoft.NET.Native.Framework.1.3\1.3\x64\ret\ILToc\System.Collections.iltocpdb')) opgeleverd."
"Message",Low,"Taak IlcErrorTask overgeslagen vanwege onjuiste voorwaarde; (!Exists('$(InputSharedAssemblyPath)\%(SharedLibraryContent.Identity)')) heeft (!Exists('C:\Program Files (x86)\Microsoft SDKs\Windows Kits\10\ExtensionSDKs\Microsoft.NET.Native.Framework.1.3\1.3\x64\ret\ILToc\System.Collections.Concurrent.iltocpdb')) opgeleverd."
"Message",Low,"Taak IlcErrorTask overgeslagen vanwege onjuiste voorwaarde; (!Exists('$(InputSharedAssemblyPath)\%(SharedLibraryContent.Identity)')) heeft (!Exists('C:\Program Files (x86)\Microsoft SDKs\Windows Kits\10\ExtensionSDKs\Microsoft.NET.Native.Framework.1.3\1.3\x64\ret\ILToc\System.Diagnostics.Tracing.iltocpdb')) opgeleverd."
"Message",Low,"Taak IlcErrorTask overgeslagen vanwege onjuiste voorwaarde; (!Exists('$(InputSharedAssemblyPath)\%(SharedLibraryContent.Identity)')) heeft (!Exists('C:\Program Files (x86)\Microsoft SDKs\Windows Kits\10\ExtensionSDKs\Microsoft.NET.Native.Framework.1.3\1.3\x64\ret\ILToc\System.Dynamic.Runtime.iltocpdb')) opgeleverd."
"Message",Low,"Taak IlcErrorTask overgeslagen vanwege onjuiste voorwaarde; (!Exists('$(InputSharedAssemblyPath)\%(SharedLibraryContent.Identity)')) heeft (!Exists('C:\Program Files (x86)\Microsoft SDKs\Windows Kits\10\ExtensionSDKs\Microsoft.NET.Native.Framework.1.3\1.3\x64\ret\ILToc\System.IO.iltocpdb')) opgeleverd."
"Message",Low,"Taak IlcErrorTask overgeslagen vanwege onjuiste voorwaarde; (!Exists('$(InputSharedAssemblyPath)\%(SharedLibraryContent.Identity)')) heeft (!Exists('C:\Program Files (x86)\Microsoft SDKs\Windows Kits\10\ExtensionSDKs\Microsoft.NET.Native.Framework.1.3\1.3\x64\ret\ILToc\System.Linq.iltocpdb')) opgeleverd."
"Message",Low,"Taak IlcErrorTask overgeslagen vanwege onjuiste voorwaarde; (!Exists('$(InputSharedAssemblyPath)\%(SharedLibraryContent.Identity)')) heeft (!Exists('C:\Program Files (x86)\Microsoft SDKs\Windows Kits\10\ExtensionSDKs\Microsoft.NET.Native.Framework.1.3\1.3\x64\ret\ILToc\System.Linq.Expressions.iltocpdb')) opgeleverd."
"Message",Low,"Taak IlcErrorTask overgeslagen vanwege onjuiste voorwaarde; (!Exists('$(InputSharedAssemblyPath)\%(SharedLibraryContent.Identity)')) heeft (!Exists('C:\Program Files (x86)\Microsoft SDKs\Windows Kits\10\ExtensionSDKs\Microsoft.NET.Native.Framework.1.3\1.3\x64\ret\ILToc\System.ObjectModel.iltocpdb')) opgeleverd."
"Message",Low,"Taak IlcErrorTask overgeslagen vanwege onjuiste voorwaarde; (!Exists('$(InputSharedAssemblyPath)\%(SharedLibraryContent.Identity)')) heeft (!Exists('C:\Program Files (x86)\Microsoft SDKs\Windows Kits\10\ExtensionSDKs\Microsoft.NET.Native.Framework.1.3\1.3\x64\ret\ILToc\System.Private.CoreLib.iltocpdb')) opgeleverd."
"Message",Low,"Taak IlcErrorTask overgeslagen vanwege onjuiste voorwaarde; (!Exists('$(InputSharedAssemblyPath)\%(SharedLibraryContent.Identity)')) heeft (!Exists('C:\Program Files (x86)\Microsoft SDKs\Windows Kits\10\ExtensionSDKs\Microsoft.NET.Native.Framework.1.3\1.3\x64\ret\ILToc\System.Private.Interop.iltocpdb')) opgeleverd."
"Message",Low,"Taak IlcErrorTask overgeslagen vanwege onjuiste voorwaarde; (!Exists('$(InputSharedAssemblyPath)\%(SharedLibraryContent.Identity)')) heeft (!Exists('C:\Program Files (x86)\Microsoft SDKs\Windows Kits\10\ExtensionSDKs\Microsoft.NET.Native.Framework.1.3\1.3\x64\ret\ILToc\System.Private.Reflection.iltocpdb')) opgeleverd."
"Message",Low,"Taak IlcErrorTask overgeslagen vanwege onjuiste voorwaarde; (!Exists('$(InputSharedAssemblyPath)\%(SharedLibraryContent.Identity)')) heeft (!Exists('C:\Program Files (x86)\Microsoft SDKs\Windows Kits\10\ExtensionSDKs\Microsoft.NET.Native.Framework.1.3\1.3\x64\ret\ILToc\System.Private.Reflection.Core.iltocpdb')) opgeleverd."
"Message",Low,"Taak IlcErrorTask overgeslagen vanwege onjuiste voorwaarde; (!Exists('$(InputSharedAssemblyPath)\%(SharedLibraryContent.Identity)')) heeft (!Exists('C:\Program Files (x86)\Microsoft SDKs\Windows Kits\10\ExtensionSDKs\Microsoft.NET.Native.Framework.1.3\1.3\x64\ret\ILToc\System.Private.Reflection.Execution.iltocpdb')) opgeleverd."
"Message",Low,"Taak IlcErrorTask overgeslagen vanwege onjuiste voorwaarde; (!Exists('$(InputSharedAssemblyPath)\%(SharedLibraryContent.Identity)')) heeft (!Exists('C:\Program Files (x86)\Microsoft SDKs\Windows Kits\10\ExtensionSDKs\Microsoft.NET.Native.Framework.1.3\1.3\x64\ret\ILToc\System.Private.Reflection.Metadata.iltocpdb')) opgeleverd."
"Message",Low,"Taak IlcErrorTask overgeslagen vanwege onjuiste voorwaarde; (!Exists('$(InputSharedAssemblyPath)\%(SharedLibraryContent.Identity)')) heeft (!Exists('C:\Program Files (x86)\Microsoft SDKs\Windows Kits\10\ExtensionSDKs\Microsoft.NET.Native.Framework.1.3\1.3\x64\ret\ILToc\System.Private.Threading.iltocpdb')) opgeleverd."
"Message",Low,"Taak IlcErrorTask overgeslagen vanwege onjuiste voorwaarde; (!Exists('$(InputSharedAssemblyPath)\%(SharedLibraryContent.Identity)')) heeft (!Exists('C:\Program Files (x86)\Microsoft SDKs\Windows Kits\10\ExtensionSDKs\Microsoft.NET.Native.Framework.1.3\1.3\x64\ret\ILToc\System.Private.TypeLoader.iltocpdb')) opgeleverd."
"Message",Low,"Taak IlcErrorTask overgeslagen vanwege onjuiste voorwaarde; (!Exists('$(InputSharedAssemblyPath)\%(SharedLibraryContent.Identity)')) heeft (!Exists('C:\Program Files (x86)\Microsoft SDKs\Windows Kits\10\ExtensionSDKs\Microsoft.NET.Native.Framework.1.3\1.3\x64\ret\ILToc\System.Private.Uri.iltocpdb')) opgeleverd."
"Message",Low,"Taak IlcErrorTask overgeslagen vanwege onjuiste voorwaarde; (!Exists('$(InputSharedAssemblyPath)\%(SharedLibraryContent.Identity)')) heeft (!Exists('C:\Program Files (x86)\Microsoft SDKs\Windows Kits\10\ExtensionSDKs\Microsoft.NET.Native.Framework.1.3\1.3\x64\ret\ILToc\System.Reflection.Extensions.iltocpdb')) opgeleverd."
"Message",Low,"Taak IlcErrorTask overgeslagen vanwege onjuiste voorwaarde; (!Exists('$(InputSharedAssemblyPath)\%(SharedLibraryContent.Identity)')) heeft (!Exists('C:\Program Files (x86)\Microsoft SDKs\Windows Kits\10\ExtensionSDKs\Microsoft.NET.Native.Framework.1.3\1.3\x64\ret\ILToc\System.Reflection.Primitives.iltocpdb')) opgeleverd."
"Message",Low,"Taak IlcErrorTask overgeslagen vanwege onjuiste voorwaarde; (!Exists('$(InputSharedAssemblyPath)\%(SharedLibraryContent.Identity)')) heeft (!Exists('C:\Program Files (x86)\Microsoft SDKs\Windows Kits\10\ExtensionSDKs\Microsoft.NET.Native.Framework.1.3\1.3\x64\ret\ILToc\System.Reflection.TypeExtensions.iltocpdb')) opgeleverd."
"Message",Low,"Taak IlcErrorTask overgeslagen vanwege onjuiste voorwaarde; (!Exists('$(InputSharedAssemblyPath)\%(SharedLibraryContent.Identity)')) heeft (!Exists('C:\Program Files (x86)\Microsoft SDKs\Windows Kits\10\ExtensionSDKs\Microsoft.NET.Native.Framework.1.3\1.3\x64\ret\ILToc\System.Resources.ResourceManager.iltocpdb')) opgeleverd."
"Message",Low,"Taak IlcErrorTask overgeslagen vanwege onjuiste voorwaarde; (!Exists('$(InputSharedAssemblyPath)\%(SharedLibraryContent.Identity)')) heeft (!Exists('C:\Program Files (x86)\Microsoft SDKs\Windows Kits\10\ExtensionSDKs\Microsoft.NET.Native.Framework.1.3\1.3\x64\ret\ILToc\System.Runtime.Extensions.iltocpdb')) opgeleverd."
"Message",Low,"Taak IlcErrorTask overgeslagen vanwege onjuiste voorwaarde; (!Exists('$(InputSharedAssemblyPath)\%(SharedLibraryContent.Identity)')) heeft (!Exists('C:\Program Files (x86)\Microsoft SDKs\Windows Kits\10\ExtensionSDKs\Microsoft.NET.Native.Framework.1.3\1.3\x64\ret\ILToc\System.Runtime.Implementation.iltocpdb')) opgeleverd."
"Message",Low,"Taak IlcErrorTask overgeslagen vanwege onjuiste voorwaarde; (!Exists('$(InputSharedAssemblyPath)\%(SharedLibraryContent.Identity)')) heeft (!Exists('C:\Program Files (x86)\Microsoft SDKs\Windows Kits\10\ExtensionSDKs\Microsoft.NET.Native.Framework.1.3\1.3\x64\ret\ILToc\System.Text.RegularExpressions.iltocpdb')) opgeleverd."
"Message",Low,"Taak IlcErrorTask overgeslagen vanwege onjuiste voorwaarde; (!Exists('$(InputSharedAssemblyPath)\%(SharedLibraryContent.Identity)')) heeft (!Exists('C:\Program Files (x86)\Microsoft SDKs\Windows Kits\10\ExtensionSDKs\Microsoft.NET.Native.Framework.1.3\1.3\x64\ret\ILToc\System.Private.SharedLibrary.Interop.Generated.iltocpdb')) opgeleverd."
"Message",Low,"Taak IlcErrorTask overgeslagen vanwege onjuiste voorwaarde; (!Exists('$(InputSharedAssemblyPath)\%(SharedLibraryContent.Identity)')) heeft (!Exists('C:\Program Files (x86)\Microsoft SDKs\Windows Kits\10\ExtensionSDKs\Microsoft.NET.Native.Framework.1.3\1.3\x64\ret\ILTransformed\System.Collections.ildll')) opgeleverd."
"Message",Low,"Taak IlcErrorTask overgeslagen vanwege onjuiste voorwaarde; (!Exists('$(InputSharedAssemblyPath)\%(SharedLibraryContent.Identity)')) heeft (!Exists('C:\Program Files (x86)\Microsoft SDKs\Windows Kits\10\ExtensionSDKs\Microsoft.NET.Native.Framework.1.3\1.3\x64\ret\ILTransformed\System.Collections.Concurrent.ildll')) opgeleverd."
"Message",Low,"Taak IlcErrorTask overgeslagen vanwege onjuiste voorwaarde; (!Exists('$(InputSharedAssemblyPath)\%(SharedLibraryContent.Identity)')) heeft (!Exists('C:\Program Files (x86)\Microsoft SDKs\Windows Kits\10\ExtensionSDKs\Microsoft.NET.Native.Framework.1.3\1.3\x64\ret\ILTransformed\System.Diagnostics.Tracing.ildll')) opgeleverd."
"Message",Low,"Taak IlcErrorTask overgeslagen vanwege onjuiste voorwaarde; (!Exists('$(InputSharedAssemblyPath)\%(SharedLibraryContent.Identity)')) heeft (!Exists('C:\Program Files (x86)\Microsoft SDKs\Windows Kits\10\ExtensionSDKs\Microsoft.NET.Native.Framework.1.3\1.3\x64\ret\ILTransformed\System.Dynamic.Runtime.ildll')) opgeleverd."
"Message",Low,"Taak IlcErrorTask overgeslagen vanwege onjuiste voorwaarde; (!Exists('$(InputSharedAssemblyPath)\%(SharedLibraryContent.Identity)')) heeft (!Exists('C:\Program Files (x86)\Microsoft SDKs\Windows Kits\10\ExtensionSDKs\Microsoft.NET.Native.Framework.1.3\1.3\x64\ret\ILTransformed\System.IO.ildll')) opgeleverd."
"Message",Low,"Taak IlcErrorTask overgeslagen vanwege onjuiste voorwaarde; (!Exists('$(InputSharedAssemblyPath)\%(SharedLibraryContent.Identity)')) heeft (!Exists('C:\Program Files (x86)\Microsoft SDKs\Windows Kits\10\ExtensionSDKs\Microsoft.NET.Native.Framework.1.3\1.3\x64\ret\ILTransformed\System.Linq.ildll')) opgeleverd."
"Message",Low,"Taak IlcErrorTask overgeslagen vanwege onjuiste voorwaarde; (!Exists('$(InputSharedAssemblyPath)\%(SharedLibraryContent.Identity)')) heeft (!Exists('C:\Program Files (x86)\Microsoft SDKs\Windows Kits\10\ExtensionSDKs\Microsoft.NET.Native.Framework.1.3\1.3\x64\ret\ILTransformed\System.Linq.Expressions.ildll')) opgeleverd."
"Message",Low,"Taak IlcErrorTask overgeslagen vanwege onjuiste voorwaarde; (!Exists('$(InputSharedAssemblyPath)\%(SharedLibraryContent.Identity)')) heeft (!Exists('C:\Program Files (x86)\Microsoft SDKs\Windows Kits\10\ExtensionSDKs\Microsoft.NET.Native.Framework.1.3\1.3\x64\ret\ILTransformed\System.ObjectModel.ildll')) opgeleverd."
"Message",Low,"Taak IlcErrorTask overgeslagen vanwege onjuiste voorwaarde; (!Exists('$(InputSharedAssemblyPath)\%(SharedLibraryContent.Identity)')) heeft (!Exists('C:\Program Files (x86)\Microsoft SDKs\Windows Kits\10\ExtensionSDKs\Microsoft.NET.Native.Framework.1.3\1.3\x64\ret\ILTransformed\System.Private.CoreLib.ildll')) opgeleverd."
"Message",Low,"Taak IlcErrorTask overgeslagen vanwege onjuiste voorwaarde; (!Exists('$(InputSharedAssemblyPath)\%(SharedLibraryContent.Identity)')) heeft (!Exists('C:\Program Files (x86)\Microsoft SDKs\Windows Kits\10\ExtensionSDKs\Microsoft.NET.Native.Framework.1.3\1.3\x64\ret\ILTransformed\System.Private.Interop.ildll')) opgeleverd."
"Message",Low,"Taak IlcErrorTask overgeslagen vanwege onjuiste voorwaarde; (!Exists('$(InputSharedAssemblyPath)\%(SharedLibraryContent.Identity)')) heeft (!Exists('C:\Program Files (x86)\Microsoft SDKs\Windows Kits\10\ExtensionSDKs\Microsoft.NET.Native.Framework.1.3\1.3\x64\ret\ILTransformed\System.Private.Reflection.ildll')) opgeleverd."
"Message",Low,"Taak IlcErrorTask overgeslagen vanwege onjuiste voorwaarde; (!Exists('$(InputSharedAssemblyPath)\%(SharedLibraryContent.Identity)')) heeft (!Exists('C:\Program Files (x86)\Microsoft SDKs\Windows Kits\10\ExtensionSDKs\Microsoft.NET.Native.Framework.1.3\1.3\x64\ret\ILTransformed\System.Private.Reflection.Core.ildll')) opgeleverd."
"Message",Low,"Taak IlcErrorTask overgeslagen vanwege onjuiste voorwaarde; (!Exists('$(InputSharedAssemblyPath)\%(SharedLibraryContent.Identity)')) heeft (!Exists('C:\Program Files (x86)\Microsoft SDKs\Windows Kits\10\ExtensionSDKs\Microsoft.NET.Native.Framework.1.3\1.3\x64\ret\ILTransformed\System.Private.Reflection.Execution.ildll')) opgeleverd."
"Message",Low,"Taak IlcErrorTask overgeslagen vanwege onjuiste voorwaarde; (!Exists('$(InputSharedAssemblyPath)\%(SharedLibraryContent.Identity)')) heeft (!Exists('C:\Program Files (x86)\Microsoft SDKs\Windows Kits\10\ExtensionSDKs\Microsoft.NET.Native.Framework.1.3\1.3\x64\ret\ILTransformed\System.Private.Reflection.Metadata.ildll')) opgeleverd."
"Message",Low,"Taak IlcErrorTask overgeslagen vanwege onjuiste voorwaarde; (!Exists('$(InputSharedAssemblyPath)\%(SharedLibraryContent.Identity)')) heeft (!Exists('C:\Program Files (x86)\Microsoft SDKs\Windows Kits\10\ExtensionSDKs\Microsoft.NET.Native.Framework.1.3\1.3\x64\ret\ILTransformed\System.Private.Threading.ildll')) opgeleverd."
"Message",Low,"Taak IlcErrorTask overgeslagen vanwege onjuiste voorwaarde; (!Exists('$(InputSharedAssemblyPath)\%(SharedLibraryContent.Identity)')) heeft (!Exists('C:\Program Files (x86)\Microsoft SDKs\Windows Kits\10\ExtensionSDKs\Microsoft.NET.Native.Framework.1.3\1.3\x64\ret\ILTransformed\System.Private.TypeLoader.ildll')) opgeleverd."
"Message",Low,"Taak IlcErrorTask overgeslagen vanwege onjuiste voorwaarde; (!Exists('$(InputSharedAssemblyPath)\%(SharedLibraryContent.Identity)')) heeft (!Exists('C:\Program Files (x86)\Microsoft SDKs\Windows Kits\10\ExtensionSDKs\Microsoft.NET.Native.Framework.1.3\1.3\x64\ret\ILTransformed\System.Private.Uri.ildll')) opgeleverd."
"Message",Low,"Taak IlcErrorTask overgeslagen vanwege onjuiste voorwaarde; (!Exists('$(InputSharedAssemblyPath)\%(SharedLibraryContent.Identity)')) heeft (!Exists('C:\Program Files (x86)\Microsoft SDKs\Windows Kits\10\ExtensionSDKs\Microsoft.NET.Native.Framework.1.3\1.3\x64\ret\ILTransformed\System.Reflection.Extensions.ildll')) opgeleverd."
"Message",Low,"Taak IlcErrorTask overgeslagen vanwege onjuiste voorwaarde; (!Exists('$(InputSharedAssemblyPath)\%(SharedLibraryContent.Identity)')) heeft (!Exists('C:\Program Files (x86)\Microsoft SDKs\Windows Kits\10\ExtensionSDKs\Microsoft.NET.Native.Framework.1.3\1.3\x64\ret\ILTransformed\System.Reflection.Primitives.ildll')) opgeleverd."
"Message",Low,"Taak IlcErrorTask overgeslagen vanwege onjuiste voorwaarde; (!Exists('$(InputSharedAssemblyPath)\%(SharedLibraryContent.Identity)')) heeft (!Exists('C:\Program Files (x86)\Microsoft SDKs\Windows Kits\10\ExtensionSDKs\Microsoft.NET.Native.Framework.1.3\1.3\x64\ret\ILTransformed\System.Reflection.TypeExtensions.ildll')) opgeleverd."
"Message",Low,"Taak IlcErrorTask overgeslagen vanwege onjuiste voorwaarde; (!Exists('$(InputSharedAssemblyPath)\%(SharedLibraryContent.Identity)')) heeft (!Exists('C:\Program Files (x86)\Microsoft SDKs\Windows Kits\10\ExtensionSDKs\Microsoft.NET.Native.Framework.1.3\1.3\x64\ret\ILTransformed\System.Resources.ResourceManager.ildll')) opgeleverd."
"Message",Low,"Taak IlcErrorTask overgeslagen vanwege onjuiste voorwaarde; (!Exists('$(InputSharedAssemblyPath)\%(SharedLibraryContent.Identity)')) heeft (!Exists('C:\Program Files (x86)\Microsoft SDKs\Windows Kits\10\ExtensionSDKs\Microsoft.NET.Native.Framework.1.3\1.3\x64\ret\ILTransformed\System.Runtime.Extensions.ildll')) opgeleverd."
"Message",Low,"Taak IlcErrorTask overgeslagen vanwege onjuiste voorwaarde; (!Exists('$(InputSharedAssemblyPath)\%(SharedLibraryContent.Identity)')) heeft (!Exists('C:\Program Files (x86)\Microsoft SDKs\Windows Kits\10\ExtensionSDKs\Microsoft.NET.Native.Framework.1.3\1.3\x64\ret\ILTransformed\System.Runtime.Implementation.ildll')) opgeleverd."
"Message",Low,"Taak IlcErrorTask overgeslagen vanwege onjuiste voorwaarde; (!Exists('$(InputSharedAssemblyPath)\%(SharedLibraryContent.Identity)')) heeft (!Exists('C:\Program Files (x86)\Microsoft SDKs\Windows Kits\10\ExtensionSDKs\Microsoft.NET.Native.Framework.1.3\1.3\x64\ret\ILTransformed\System.Text.RegularExpressions.ildll')) opgeleverd."
"Message",Low,"Taak IlcErrorTask overgeslagen vanwege onjuiste voorwaarde; (!Exists('$(InputSharedAssemblyPath)\%(SharedLibraryContent.Identity)')) heeft (!Exists('C:\Program Files (x86)\Microsoft SDKs\Windows Kits\10\ExtensionSDKs\Microsoft.NET.Native.Framework.1.3\1.3\x64\ret\ILTransformed\System.Private.SharedLibrary.Interop.Generated.ildll')) opgeleverd."
"Message",Low,"Taak IlcErrorTask overgeslagen vanwege onjuiste voorwaarde; (!Exists('$(InputSharedAssemblyPath)\%(SharedLibraryContent.Identity)')) heeft (!Exists('C:\Program Files (x86)\Microsoft SDKs\Windows Kits\10\ExtensionSDKs\Microsoft.NET.Native.Framework.1.3\1.3\x64\ret\ILTransformed\System.Collections.ilpdb')) opgeleverd."
"Message",Low,"Taak IlcErrorTask overgeslagen vanwege onjuiste voorwaarde; (!Exists('$(InputSharedAssemblyPath)\%(SharedLibraryContent.Identity)')) heeft (!Exists('C:\Program Files (x86)\Microsoft SDKs\Windows Kits\10\ExtensionSDKs\Microsoft.NET.Native.Framework.1.3\1.3\x64\ret\ILTransformed\System.Collections.Concurrent.ilpdb')) opgeleverd."
"Message",Low,"Taak IlcErrorTask overgeslagen vanwege onjuiste voorwaarde; (!Exists('$(InputSharedAssemblyPath)\%(SharedLibraryContent.Identity)')) heeft (!Exists('C:\Program Files (x86)\Microsoft SDKs\Windows Kits\10\ExtensionSDKs\Microsoft.NET.Native.Framework.1.3\1.3\x64\ret\ILTransformed\System.Diagnostics.Tracing.ilpdb')) opgeleverd."
"Message",Low,"Taak IlcErrorTask overgeslagen vanwege onjuiste voorwaarde; (!Exists('$(InputSharedAssemblyPath)\%(SharedLibraryContent.Identity)')) heeft (!Exists('C:\Program Files (x86)\Microsoft SDKs\Windows Kits\10\ExtensionSDKs\Microsoft.NET.Native.Framework.1.3\1.3\x64\ret\ILTransformed\System.Dynamic.Runtime.ilpdb')) opgeleverd."
"Message",Low,"Taak IlcErrorTask overgeslagen vanwege onjuiste voorwaarde; (!Exists('$(InputSharedAssemblyPath)\%(SharedLibraryContent.Identity)')) heeft (!Exists('C:\Program Files (x86)\Microsoft SDKs\Windows Kits\10\ExtensionSDKs\Microsoft.NET.Native.Framework.1.3\1.3\x64\ret\ILTransformed\System.IO.ilpdb')) opgeleverd."
"Message",Low,"Taak IlcErrorTask overgeslagen vanwege onjuiste voorwaarde; (!Exists('$(InputSharedAssemblyPath)\%(SharedLibraryContent.Identity)')) heeft (!Exists('C:\Program Files (x86)\Microsoft SDKs\Windows Kits\10\ExtensionSDKs\Microsoft.NET.Native.Framework.1.3\1.3\x64\ret\ILTransformed\System.Linq.ilpdb')) opgeleverd."
"Message",Low,"Taak IlcErrorTask overgeslagen vanwege onjuiste voorwaarde; (!Exists('$(InputSharedAssemblyPath)\%(SharedLibraryContent.Identity)')) heeft (!Exists('C:\Program Files (x86)\Microsoft SDKs\Windows Kits\10\ExtensionSDKs\Microsoft.NET.Native.Framework.1.3\1.3\x64\ret\ILTransformed\System.Linq.Expressions.ilpdb')) opgeleverd."
"Message",Low,"Taak IlcErrorTask overgeslagen vanwege onjuiste voorwaarde; (!Exists('$(InputSharedAssemblyPath)\%(SharedLibraryContent.Identity)')) heeft (!Exists('C:\Program Files (x86)\Microsoft SDKs\Windows Kits\10\ExtensionSDKs\Microsoft.NET.Native.Framework.1.3\1.3\x64\ret\ILTransformed\System.ObjectModel.ilpdb')) opgeleverd."
"Message",Low,"Taak IlcErrorTask overgeslagen vanwege onjuiste voorwaarde; (!Exists('$(InputSharedAssemblyPath)\%(SharedLibraryContent.Identity)')) heeft (!Exists('C:\Program Files (x86)\Microsoft SDKs\Windows Kits\10\ExtensionSDKs\Microsoft.NET.Native.Framework.1.3\1.3\x64\ret\ILTransformed\System.Private.CoreLib.ilpdb')) opgeleverd."
"Message",Low,"Taak IlcErrorTask overgeslagen vanwege onjuiste voorwaarde; (!Exists('$(InputSharedAssemblyPath)\%(SharedLibraryContent.Identity)')) heeft (!Exists('C:\Program Files (x86)\Microsoft SDKs\Windows Kits\10\ExtensionSDKs\Microsoft.NET.Native.Framework.1.3\1.3\x64\ret\ILTransformed\System.Private.Interop.ilpdb')) opgeleverd."
"Message",Low,"Taak IlcErrorTask overgeslagen vanwege onjuiste voorwaarde; (!Exists('$(InputSharedAssemblyPath)\%(SharedLibraryContent.Identity)')) heeft (!Exists('C:\Program Files (x86)\Microsoft SDKs\Windows Kits\10\ExtensionSDKs\Microsoft.NET.Native.Framework.1.3\1.3\x64\ret\ILTransformed\System.Private.Reflection.ilpdb')) opgeleverd."
"Message",Low,"Taak IlcErrorTask overgeslagen vanwege onjuiste voorwaarde; (!Exists('$(InputSharedAssemblyPath)\%(SharedLibraryContent.Identity)')) heeft (!Exists('C:\Program Files (x86)\Microsoft SDKs\Windows Kits\10\ExtensionSDKs\Microsoft.NET.Native.Framework.1.3\1.3\x64\ret\ILTransformed\System.Private.Reflection.Core.ilpdb')) opgeleverd."
"Message",Low,"Taak IlcErrorTask overgeslagen vanwege onjuiste voorwaarde; (!Exists('$(InputSharedAssemblyPath)\%(SharedLibraryContent.Identity)')) heeft (!Exists('C:\Program Files (x86)\Microsoft SDKs\Windows Kits\10\ExtensionSDKs\Microsoft.NET.Native.Framework.1.3\1.3\x64\ret\ILTransformed\System.Private.Reflection.Execution.ilpdb')) opgeleverd."
"Message",Low,"Taak IlcErrorTask overgeslagen vanwege onjuiste voorwaarde; (!Exists('$(InputSharedAssemblyPath)\%(SharedLibraryContent.Identity)')) heeft (!Exists('C:\Program Files (x86)\Microsoft SDKs\Windows Kits\10\ExtensionSDKs\Microsoft.NET.Native.Framework.1.3\1.3\x64\ret\ILTransformed\System.Private.Reflection.Metadata.ilpdb')) opgeleverd."
"Message",Low,"Taak IlcErrorTask overgeslagen vanwege onjuiste voorwaarde; (!Exists('$(InputSharedAssemblyPath)\%(SharedLibraryContent.Identity)')) heeft (!Exists('C:\Program Files (x86)\Microsoft SDKs\Windows Kits\10\ExtensionSDKs\Microsoft.NET.Native.Framework.1.3\1.3\x64\ret\ILTransformed\System.Private.Threading.ilpdb')) opgeleverd."
"Message",Low,"Taak IlcErrorTask overgeslagen vanwege onjuiste voorwaarde; (!Exists('$(InputSharedAssemblyPath)\%(SharedLibraryContent.Identity)')) heeft (!Exists('C:\Program Files (x86)\Microsoft SDKs\Windows Kits\10\ExtensionSDKs\Microsoft.NET.Native.Framework.1.3\1.3\x64\ret\ILTransformed\System.Private.TypeLoader.ilpdb')) opgeleverd."
"Message",Low,"Taak IlcErrorTask overgeslagen vanwege onjuiste voorwaarde; (!Exists('$(InputSharedAssemblyPath)\%(SharedLibraryContent.Identity)')) heeft (!Exists('C:\Program Files (x86)\Microsoft SDKs\Windows Kits\10\ExtensionSDKs\Microsoft.NET.Native.Framework.1.3\1.3\x64\ret\ILTransformed\System.Private.Uri.ilpdb')) opgeleverd."
"Message",Low,"Taak IlcErrorTask overgeslagen vanwege onjuiste voorwaarde; (!Exists('$(InputSharedAssemblyPath)\%(SharedLibraryContent.Identity)')) heeft (!Exists('C:\Program Files (x86)\Microsoft SDKs\Windows Kits\10\ExtensionSDKs\Microsoft.NET.Native.Framework.1.3\1.3\x64\ret\ILTransformed\System.Reflection.Extensions.ilpdb')) opgeleverd."
"Message",Low,"Taak IlcErrorTask overgeslagen vanwege onjuiste voorwaarde; (!Exists('$(InputSharedAssemblyPath)\%(SharedLibraryContent.Identity)')) heeft (!Exists('C:\Program Files (x86)\Microsoft SDKs\Windows Kits\10\ExtensionSDKs\Microsoft.NET.Native.Framework.1.3\1.3\x64\ret\ILTransformed\System.Reflection.Primitives.ilpdb')) opgeleverd."
"Message",Low,"Taak IlcErrorTask overgeslagen vanwege onjuiste voorwaarde; (!Exists('$(InputSharedAssemblyPath)\%(SharedLibraryContent.Identity)')) heeft (!Exists('C:\Program Files (x86)\Microsoft SDKs\Windows Kits\10\ExtensionSDKs\Microsoft.NET.Native.Framework.1.3\1.3\x64\ret\ILTransformed\System.Reflection.TypeExtensions.ilpdb')) opgeleverd."
"Message",Low,"Taak IlcErrorTask overgeslagen vanwege onjuiste voorwaarde; (!Exists('$(InputSharedAssemblyPath)\%(SharedLibraryContent.Identity)')) heeft (!Exists('C:\Program Files (x86)\Microsoft SDKs\Windows Kits\10\ExtensionSDKs\Microsoft.NET.Native.Framework.1.3\1.3\x64\ret\ILTransformed\System.Resources.ResourceManager.ilpdb')) opgeleverd."
"Message",Low,"Taak IlcErrorTask overgeslagen vanwege onjuiste voorwaarde; (!Exists('$(InputSharedAssemblyPath)\%(SharedLibraryContent.Identity)')) heeft (!Exists('C:\Program Files (x86)\Microsoft SDKs\Windows Kits\10\ExtensionSDKs\Microsoft.NET.Native.Framework.1.3\1.3\x64\ret\ILTransformed\System.Runtime.Extensions.ilpdb')) opgeleverd."
"Message",Low,"Taak IlcErrorTask overgeslagen vanwege onjuiste voorwaarde; (!Exists('$(InputSharedAssemblyPath)\%(SharedLibraryContent.Identity)')) heeft (!Exists('C:\Program Files (x86)\Microsoft SDKs\Windows Kits\10\ExtensionSDKs\Microsoft.NET.Native.Framework.1.3\1.3\x64\ret\ILTransformed\System.Runtime.Implementation.ilpdb')) opgeleverd."
"Message",Low,"Taak IlcErrorTask overgeslagen vanwege onjuiste voorwaarde; (!Exists('$(InputSharedAssemblyPath)\%(SharedLibraryContent.Identity)')) heeft (!Exists('C:\Program Files (x86)\Microsoft SDKs\Windows Kits\10\ExtensionSDKs\Microsoft.NET.Native.Framework.1.3\1.3\x64\ret\ILTransformed\System.Text.RegularExpressions.ilpdb')) opgeleverd."
"Message",Low,"Taak IlcErrorTask overgeslagen vanwege onjuiste voorwaarde; (!Exists('$(InputSharedAssemblyPath)\%(SharedLibraryContent.Identity)')) heeft (!Exists('C:\Program Files (x86)\Microsoft SDKs\Windows Kits\10\ExtensionSDKs\Microsoft.NET.Native.Framework.1.3\1.3\x64\ret\ILTransformed\System.Private.SharedLibrary.Interop.Generated.ilpdb')) opgeleverd."
"Message",Low,"Taak IlcErrorTask overgeslagen vanwege onjuiste voorwaarde; (!Exists('$(InputSharedAssemblyPath)\%(SharedLibraryContent.Identity)')) heeft (!Exists('C:\Program Files (x86)\Microsoft SDKs\Windows Kits\10\ExtensionSDKs\Microsoft.NET.Native.Framework.1.3\1.3\x64\ret\Toc\System.Collections.toc')) opgeleverd."
"Message",Low,"Taak IlcErrorTask overgeslagen vanwege onjuiste voorwaarde; (!Exists('$(InputSharedAssemblyPath)\%(SharedLibraryContent.Identity)')) heeft (!Exists('C:\Program Files (x86)\Microsoft SDKs\Windows Kits\10\ExtensionSDKs\Microsoft.NET.Native.Framework.1.3\1.3\x64\ret\Toc\System.Collections.Concurrent.toc')) opgeleverd."
"Message",Low,"Taak IlcErrorTask overgeslagen vanwege onjuiste voorwaarde; (!Exists('$(InputSharedAssemblyPath)\%(SharedLibraryContent.Identity)')) heeft (!Exists('C:\Program Files (x86)\Microsoft SDKs\Windows Kits\10\ExtensionSDKs\Microsoft.NET.Native.Framework.1.3\1.3\x64\ret\Toc\System.Diagnostics.Tracing.toc')) opgeleverd."
"Message",Low,"Taak IlcErrorTask overgeslagen vanwege onjuiste voorwaarde; (!Exists('$(InputSharedAssemblyPath)\%(SharedLibraryContent.Identity)')) heeft (!Exists('C:\Program Files (x86)\Microsoft SDKs\Windows Kits\10\ExtensionSDKs\Microsoft.NET.Native.Framework.1.3\1.3\x64\ret\Toc\System.Dynamic.Runtime.toc')) opgeleverd."
"Message",Low,"Taak IlcErrorTask overgeslagen vanwege onjuiste voorwaarde; (!Exists('$(InputSharedAssemblyPath)\%(SharedLibraryContent.Identity)')) heeft (!Exists('C:\Program Files (x86)\Microsoft SDKs\Windows Kits\10\ExtensionSDKs\Microsoft.NET.Native.Framework.1.3\1.3\x64\ret\Toc\System.IO.toc')) opgeleverd."
"Message",Low,"Taak IlcErrorTask overgeslagen vanwege onjuiste voorwaarde; (!Exists('$(InputSharedAssemblyPath)\%(SharedLibraryContent.Identity)')) heeft (!Exists('C:\Program Files (x86)\Microsoft SDKs\Windows Kits\10\ExtensionSDKs\Microsoft.NET.Native.Framework.1.3\1.3\x64\ret\Toc\System.Linq.toc')) opgeleverd."
"Message",Low,"Taak IlcErrorTask overgeslagen vanwege onjuiste voorwaarde; (!Exists('$(InputSharedAssemblyPath)\%(SharedLibraryContent.Identity)')) heeft (!Exists('C:\Program Files (x86)\Microsoft SDKs\Windows Kits\10\ExtensionSDKs\Microsoft.NET.Native.Framework.1.3\1.3\x64\ret\Toc\System.Linq.Expressions.toc')) opgeleverd."
"Message",Low,"Taak IlcErrorTask overgeslagen vanwege onjuiste voorwaarde; (!Exists('$(InputSharedAssemblyPath)\%(SharedLibraryContent.Identity)')) heeft (!Exists('C:\Program Files (x86)\Microsoft SDKs\Windows Kits\10\ExtensionSDKs\Microsoft.NET.Native.Framework.1.3\1.3\x64\ret\Toc\System.ObjectModel.toc')) opgeleverd."
"Message",Low,"Taak IlcErrorTask overgeslagen vanwege onjuiste voorwaarde; (!Exists('$(InputSharedAssemblyPath)\%(SharedLibraryContent.Identity)')) heeft (!Exists('C:\Program Files (x86)\Microsoft SDKs\Windows Kits\10\ExtensionSDKs\Microsoft.NET.Native.Framework.1.3\1.3\x64\ret\Toc\System.Private.CoreLib.toc')) opgeleverd."
"Message",Low,"Taak IlcErrorTask overgeslagen vanwege onjuiste voorwaarde; (!Exists('$(InputSharedAssemblyPath)\%(SharedLibraryContent.Identity)')) heeft (!Exists('C:\Program Files (x86)\Microsoft SDKs\Windows Kits\10\ExtensionSDKs\Microsoft.NET.Native.Framework.1.3\1.3\x64\ret\Toc\System.Private.Interop.toc')) opgeleverd."
"Message",Low,"Taak IlcErrorTask overgeslagen vanwege onjuiste voorwaarde; (!Exists('$(InputSharedAssemblyPath)\%(SharedLibraryContent.Identity)')) heeft (!Exists('C:\Program Files (x86)\Microsoft SDKs\Windows Kits\10\ExtensionSDKs\Microsoft.NET.Native.Framework.1.3\1.3\x64\ret\Toc\System.Private.Reflection.toc')) opgeleverd."
"Message",Low,"Taak IlcErrorTask overgeslagen vanwege onjuiste voorwaarde; (!Exists('$(InputSharedAssemblyPath)\%(SharedLibraryContent.Identity)')) heeft (!Exists('C:\Program Files (x86)\Microsoft SDKs\Windows Kits\10\ExtensionSDKs\Microsoft.NET.Native.Framework.1.3\1.3\x64\ret\Toc\System.Private.Reflection.Core.toc')) opgeleverd."
"Message",Low,"Taak IlcErrorTask overgeslagen vanwege onjuiste voorwaarde; (!Exists('$(InputSharedAssemblyPath)\%(SharedLibraryContent.Identity)')) heeft (!Exists('C:\Program Files (x86)\Microsoft SDKs\Windows Kits\10\ExtensionSDKs\Microsoft.NET.Native.Framework.1.3\1.3\x64\ret\Toc\System.Private.Reflection.Execution.toc')) opgeleverd."
"Message",Low,"Taak IlcErrorTask overgeslagen vanwege onjuiste voorwaarde; (!Exists('$(InputSharedAssemblyPath)\%(SharedLibraryContent.Identity)')) heeft (!Exists('C:\Program Files (x86)\Microsoft SDKs\Windows Kits\10\ExtensionSDKs\Microsoft.NET.Native.Framework.1.3\1.3\x64\ret\Toc\System.Private.Reflection.Metadata.toc')) opgeleverd."
"Message",Low,"Taak IlcErrorTask overgeslagen vanwege onjuiste voorwaarde; (!Exists('$(InputSharedAssemblyPath)\%(SharedLibraryContent.Identity)')) heeft (!Exists('C:\Program Files (x86)\Microsoft SDKs\Windows Kits\10\ExtensionSDKs\Microsoft.NET.Native.Framework.1.3\1.3\x64\ret\Toc\System.Private.Threading.toc')) opgeleverd."
"Message",Low,"Taak IlcErrorTask overgeslagen vanwege onjuiste voorwaarde; (!Exists('$(InputSharedAssemblyPath)\%(SharedLibraryContent.Identity)')) heeft (!Exists('C:\Program Files (x86)\Microsoft SDKs\Windows Kits\10\ExtensionSDKs\Microsoft.NET.Native.Framework.1.3\1.3\x64\ret\Toc\System.Private.TypeLoader.toc')) opgeleverd."
"Message",Low,"Taak IlcErrorTask overgeslagen vanwege onjuiste voorwaarde; (!Exists('$(InputSharedAssemblyPath)\%(SharedLibraryContent.Identity)')) heeft (!Exists('C:\Program Files (x86)\Microsoft SDKs\Windows Kits\10\ExtensionSDKs\Microsoft.NET.Native.Framework.1.3\1.3\x64\ret\Toc\System.Private.Uri.toc')) opgeleverd."
"Message",Low,"Taak IlcErrorTask overgeslagen vanwege onjuiste voorwaarde; (!Exists('$(InputSharedAssemblyPath)\%(SharedLibraryContent.Identity)')) heeft (!Exists('C:\Program Files (x86)\Microsoft SDKs\Windows Kits\10\ExtensionSDKs\Microsoft.NET.Native.Framework.1.3\1.3\x64\ret\Toc\System.Reflection.Extensions.toc')) opgeleverd."
"Message",Low,"Taak IlcErrorTask overgeslagen vanwege onjuiste voorwaarde; (!Exists('$(InputSharedAssemblyPath)\%(SharedLibraryContent.Identity)')) heeft (!Exists('C:\Program Files (x86)\Microsoft SDKs\Windows Kits\10\ExtensionSDKs\Microsoft.NET.Native.Framework.1.3\1.3\x64\ret\Toc\System.Reflection.Primitives.toc')) opgeleverd."
"Message",Low,"Taak IlcErrorTask overgeslagen vanwege onjuiste voorwaarde; (!Exists('$(InputSharedAssemblyPath)\%(SharedLibraryContent.Identity)')) heeft (!Exists('C:\Program Files (x86)\Microsoft SDKs\Windows Kits\10\ExtensionSDKs\Microsoft.NET.Native.Framework.1.3\1.3\x64\ret\Toc\System.Reflection.TypeExtensions.toc')) opgeleverd."
"Message",Low,"Taak IlcErrorTask overgeslagen vanwege onjuiste voorwaarde; (!Exists('$(InputSharedAssemblyPath)\%(SharedLibraryContent.Identity)')) heeft (!Exists('C:\Program Files (x86)\Microsoft SDKs\Windows Kits\10\ExtensionSDKs\Microsoft.NET.Native.Framework.1.3\1.3\x64\ret\Toc\System.Resources.ResourceManager.toc')) opgeleverd."
"Message",Low,"Taak IlcErrorTask overgeslagen vanwege onjuiste voorwaarde; (!Exists('$(InputSharedAssemblyPath)\%(SharedLibraryContent.Identity)')) heeft (!Exists('C:\Program Files (x86)\Microsoft SDKs\Windows Kits\10\ExtensionSDKs\Microsoft.NET.Native.Framework.1.3\1.3\x64\ret\Toc\System.Runtime.Extensions.toc')) opgeleverd."
"Message",Low,"Taak IlcErrorTask overgeslagen vanwege onjuiste voorwaarde; (!Exists('$(InputSharedAssemblyPath)\%(SharedLibraryContent.Identity)')) heeft (!Exists('C:\Program Files (x86)\Microsoft SDKs\Windows Kits\10\ExtensionSDKs\Microsoft.NET.Native.Framework.1.3\1.3\x64\ret\Toc\System.Runtime.Implementation.toc')) opgeleverd."
"Message",Low,"Taak IlcErrorTask overgeslagen vanwege onjuiste voorwaarde; (!Exists('$(InputSharedAssemblyPath)\%(SharedLibraryContent.Identity)')) heeft (!Exists('C:\Program Files (x86)\Microsoft SDKs\Windows Kits\10\ExtensionSDKs\Microsoft.NET.Native.Framework.1.3\1.3\x64\ret\Toc\System.Text.RegularExpressions.toc')) opgeleverd."
"Message",Low,"Taak IlcErrorTask overgeslagen vanwege onjuiste voorwaarde; (!Exists('$(InputSharedAssemblyPath)\%(SharedLibraryContent.Identity)')) heeft (!Exists('C:\Program Files (x86)\Microsoft SDKs\Windows Kits\10\ExtensionSDKs\Microsoft.NET.Native.Framework.1.3\1.3\x64\ret\Toc\System.Private.SharedLibrary.Interop.Generated.toc')) opgeleverd."
"Message",Low,"Taak IlcErrorTask overgeslagen vanwege onjuiste voorwaarde; (!Exists('$(InputSharedAssemblyPath)\%(SharedLibraryContent.Identity)')) heeft (!Exists('C:\Program Files (x86)\Microsoft SDKs\Windows Kits\10\ExtensionSDKs\Microsoft.NET.Native.Framework.1.3\1.3\x64\ret\MDIL\SharedLibrary.mdildll')) opgeleverd."
"Message",Low,"Opbouwen van doel SetForSharedInputs in project Unnamed_1 voltooid."
"Message",Low,"Doel SetForBuildSharedAssemblies overgeslagen vanwege onjuiste voorwaarde; ('$(BuildSharedAssemblies)' == 'true') heeft ('false' == 'true') opgeleverd."
"Message",Low,"Doel ResolveInitialReferences in bestand C:\Program Files (x86)\MSBuild\Microsoft\.NetNative\x64\ilc\IlcInternals.targets uit project C:\Users\Bilel\Documents\Visual Studio 2015\Projects\Plenner\PlennerServerConsole\Unnamed_1 (doel RunILTransforms is hiervan afhankelijk):"
"Message",Low,"Taak ResolveFilePathTask"
"Message",Low,"Uitvoeren van taak ResolveFilePathTask voltooid."
"Message",Low,"Taak IlcErrorTask overgeslagen vanwege onjuiste voorwaarde; ('@(UnresolvedInitialAssemblyClosureRoots)' != '') heeft ('' != '') opgeleverd."
"Message",Low,"Taak ResolveFilePathTask"
"Message",Low,"Uitvoeren van taak ResolveFilePathTask voltooid."
"Message",Low,"Taak IlcErrorTask overgeslagen vanwege onjuiste voorwaarde; ('@(UnresolvedManagedDllFilesErrorParameters)'!='') heeft (''!='') opgeleverd."
"Message",Low,"Taak Message"
"Message",Normal,"Running AssemblyClosureTask in ResolveInitialReferences (1)"
"Message",Low,"Uitvoeren van taak Message voltooid."
"Message",Low,"Taak AssemblyClosureTask"
"Message",Low,"Uitvoeren van taak AssemblyClosureTask voltooid."
"Message",Low,"Taak Message"
"Message",Normal,"Running AssemblyClosureTask in ResolveInitialReferences (2)"
"Message",Low,"Uitvoeren van taak Message voltooid."
"Message",Low,"Taak AssemblyClosureTask"
"Message",Low,"Uitvoeren van taak AssemblyClosureTask voltooid."
"Message",Low,"De taak RemoveDuplicates uit assembly Microsoft.Build.Tasks.v4.0, Version=4.0.0.0, Culture=neutral, PublicKeyToken=b03f5f7f11d50a3a wordt gebruikt."
"Message",Low,"Taak RemoveDuplicates"
"Message",Low,"Uitvoeren van taak RemoveDuplicates voltooid."
"Message",Low,"Opbouwen van doel ResolveInitialReferences in project Unnamed_1 voltooid."
"Message",Low,"Doel RunILTransforms in bestand C:\Program Files (x86)\MSBuild\Microsoft\.NetNative\x64\ilc\IlcInternals.targets uit project C:\Users\Bilel\Documents\Visual Studio 2015\Projects\Plenner\PlennerServerConsole\Unnamed_1 (doel MDILPrepareMultiFile is hiervan afhankelijk):"
"Message",Low,"Doel RunILTransforms wordt volledig opgebouwd."
"Message",Low,"Uitvoerbestand C:\Users\Bilel\Documents\Visual Studio 2015\Projects\Plenner\PlennerServerConsole\obj\x64\Release\ilc\intermediate\ILTransformed\PlennerServer.ilexe bestaat niet."
"Message",Low,"Taak IlcMessageTask"
"Message",High,"Processing application code"
"Message",Low,"Uitvoeren van taak IlcMessageTask voltooid."
"Message",Low,"De taak ValidateSimpleNamesTask uit assembly C:\Program Files (x86)\MSBuild\Microsoft\.NetNative\x64\ilc\ilc.exe wordt gebruikt."
"Message",Low,"Taak ValidateSimpleNamesTask"
"Message",Low,"Uitvoeren van taak ValidateSimpleNamesTask voltooid."
"Message",Low,"Taak MakeDir"
"Message",Normal,"De map C:\Users\Bilel\Documents\Visual Studio 2015\Projects\Plenner\PlennerServerConsole\obj\x64\Release\ilc\intermediate\ILTransformed\ wordt gemaakt."
"Message",Low,"Uitvoeren van taak MakeDir voltooid."
"Message",Low,"Taak MakeDir overgeslagen vanwege onjuiste voorwaarde; ('$(BuildSharedAssemblies)' == 'true') heeft ('false' == 'true') opgeleverd."
"Message",Low,"Taak MakeDir overgeslagen vanwege onjuiste voorwaarde; ('$(BuildSharedAssemblies)' == 'true') heeft ('false' == 'true') opgeleverd."
"Message",Low,"Taak IlcErrorTask overgeslagen vanwege onjuiste voorwaarde; ('$(PlatformTarget)'=='') heeft ('x64'=='') opgeleverd."
"Message",Low,"Taak ResolveFilePathTask"
"Message",Low,"Uitvoeren van taak ResolveFilePathTask voltooid."
"Message",Low,"Taak IlcErrorTask overgeslagen vanwege onjuiste voorwaarde; ('@(UnresolvedMcgSourceContractsReferencesErrorParameters)'!='') heeft (''!='') opgeleverd."
"Message",Low,"Taak ResolveFilePathTask"
"Message",Low,"Uitvoeren van taak ResolveFilePathTask voltooid."
"Message",Low,"Taak IlcErrorTask overgeslagen vanwege onjuiste voorwaarde; ('@(UnresolvedMcgSourceFacadeErrorParameters)'!='') heeft (''!='') opgeleverd."
"Message",Low,"Taak ResolveFilePathTask"
"Message",Low,"Uitvoeren van taak ResolveFilePathTask voltooid."
"Message",Low,"Taak IlcErrorTask overgeslagen vanwege onjuiste voorwaarde; ('@(UnresolvedFinalAssemblyClosureRoots)' != '') heeft ('' != '') opgeleverd."
"Message",Low,"Taak ResolveFilePathTask"
"Message",Low,"Uitvoeren van taak ResolveFilePathTask voltooid."
"Message",Low,"Taak IlcErrorTask overgeslagen vanwege onjuiste voorwaarde; ('@(UnresolvedManagedDllFilesErrorParameters)'!='') heeft (''!='') opgeleverd."
"Message",Low,"Taak Message"
"Message",Normal,"Running AssemblyClosureTask in RunILTransforms"
"Message",Low,"Uitvoeren van taak Message voltooid."
"Message",Low,"Taak AssemblyClosureTask"
"Message",Low,"Uitvoeren van taak AssemblyClosureTask voltooid."
"Message",Low,"Taak ResolveFilePathTask overgeslagen vanwege onjuiste voorwaarde; ('$(UseSharedAssemblies)' != 'true') heeft ('true' != 'true') opgeleverd."
"Message",Low,"Taak IlcErrorTask overgeslagen vanwege onjuiste voorwaarde; ('@(UnresolvedCoreAssemblyErrorParameters)'!='') heeft (''!='') opgeleverd."
"Message",Low,"Taak RemoveDuplicates"
"Message",Low,"Uitvoeren van taak RemoveDuplicates voltooid."
"Message",Low,"Taak AddToNativePackageTask overgeslagen vanwege onjuiste voorwaarde; ('@(NeedsClrCompression)' != '') heeft ('' != '') opgeleverd."
"Message",Low,"Taak MakeDir"
"Message",Normal,"De map C:\Users\Bilel\Documents\Visual Studio 2015\Projects\Plenner\PlennerServerConsole\obj\x64\Release\ilc\intermediate\SgGenerated wordt gemaakt."
"Message",Low,"Uitvoeren van taak MakeDir voltooid."
"Message",Low,"Taak WriteLinesToFile"
"Message",Low,"Uitvoeren van taak WriteLinesToFile voltooid."
"Message",Low,"Taak MakeDir"
"Message",Normal,"De map C:\Users\Bilel\Documents\Visual Studio 2015\Projects\Plenner\PlennerServerConsole\obj\x64\Release\ilc\intermediate\ResW\ wordt gemaakt."
"Message",Low,"Uitvoeren van taak MakeDir voltooid."
"Message",Low,"Taak IlcWarningTask overgeslagen vanwege onjuiste voorwaarde; ('$(BuildSharedAssemblies)' != 'true' and '@(ReducerInputFiles)' == '') heeft ('false' != 'true' and 'C:\Users\Bilel\Documents\Visual Studio 2015\Projects\Plenner\PlennerServerConsole\obj\x64\Release\ilc\in\Properties\Default.rd.xml' == '') opgeleverd."
"Message",Low,"Taak ILTransformTask"
"Message",Normal,"Running 'Analysis' transform, heap at 20 MB."
"Message",Low,"Loading 80 modules..."
"Message",Normal,"Imported reflection directives from 13 files:"
"Message",Normal,"C:\Users\Bilel\Documents\Visual Studio 2015\Projects\Plenner\PlennerServerConsole\obj\x64\Release\ilc\in\Properties\Default.rd.xml"
"Message",Normal,"Embedded manifest in System.Diagnostics.Tracing: Resources.System.Diagnostics.Tracing.rd.xml"
"Message",Normal,"Embedded manifest in System.Runtime.Serialization.Primitives: System.Runtime.Serialization.Primitives.Resources.System.Runtime.Serialization.Primitives.rd.xml"
"Message",Normal,"Embedded manifest in System.Private.Reflection: System.Private.Reflection.rd.xml"
"Message",Normal,"Embedded manifest in System.Private.CoreLib: Resources.System.Private.CoreLib.rd.xml"
"Message",Normal,"Embedded manifest in System.Private.Uri: Resources.System.Private.Uri.rd.xml"
"Message",Normal,"Embedded manifest in System.Private.Reflection.Core: System.Private.Reflection.Core.rd.xml"
"Message",Normal,"Embedded manifest in System.Private.Interop: Resources.System.Private.Interop.rd.xml"
"Message",Normal,"Embedded manifest in System.Xml.XmlSerializer: System.Xml.XmlSerializer.Resources.System.Xml.XmlSerializer.rd.xml"
"Message",Normal,"Embedded manifest in System.Xml.ReaderWriter: System.Xml.Resources.System.Xml.ReaderWriter.rd.xml"
"Message",Normal,"Embedded manifest in System.Private.DataContractSerialization: System.Private.DataContractSerialization.Resources.System.Private.DataContractSerialization.rd.xml"
"Message",Normal,"Embedded manifest in DataLab: DataLab.Properties.ClassLibrary1.rd.xml"
"Message",Normal,"Microsoft.ApplicationInsights"
"Message",Normal,"Imported XAML Roots from 1 files:"
"Message",Normal,"C:\Users\Bilel\Documents\Visual Studio 2015\Projects\Plenner\PlennerServerConsole\obj\x64\Release\ilc\in\PlennerServer.xr.xml"
"Message",Normal,"Running 'Mcg' transform, heap at 161 MB."
"Message",High,"Computing application closure and generating interop code"
"Message",Normal,"  List of .lib files:"
"Message",Normal,"      WindowsApp.lib"
"Message",Normal,"  List of .lib search paths:"
"Message",Normal,"      C:\Program Files (x86)\Windows Kits\10\lib\10.0.10586.0\um\x64"
"Message",Normal,"  Loading exports from libs..."
"Message",Normal,"      2409 exports read from 'C:\Program Files (x86)\Windows Kits\10\lib\10.0.10586.0\um\x64\WindowsApp.lib'."
"Message",Normal,"  Loading 80 modules..."
"Message",Normal,"  Generating code..."
"Message",Normal,"      Resolving P/invokes..."
"Message",Normal,"          P/Invoke 'RhWaitForPendingFinalizers' could not be resolved but ExactSpelling specified , defaulting to [MRT]!RhWaitForPendingFinalizers"
"Message",Normal,"          P/Invoke 'RhCompatibleReentrantWaitAny' could not be resolved but ExactSpelling specified , defaulting to [MRT]!RhCompatibleReentrantWaitAny"
"Message",Normal,"          P/Invoke '_ecvt_s' could not be resolved but ExactSpelling specified , defaulting to [MRT]!_ecvt_s"
"Message",Normal,"          P/Invoke 'memmove' could not be resolved but ExactSpelling specified , defaulting to [MRT]!memmove"
"Message",Normal,"          P/Invoke 'CallingConventionConverter_GetStubs' could not be resolved but ExactSpelling specified , defaulting to *!CallingConventionConverter_GetStubs"
"Message",Normal,"          P/Invoke 'GetLastError' resolved to api-ms-win-core-errorhandling-l1-1-1.dll!GetLastError"
"Message",Normal,"          P/Invoke 'RoInitialize' resolved to api-ms-win-core-winrt-l1-1-0.dll!RoInitialize"
"Message",Normal,"          P/Invoke 'IsValidLocaleName' resolved to api-ms-win-core-localization-l1-2-1.dll!IsValidLocaleName"
"Message",Normal,"          P/Invoke 'ResolveLocaleName' resolved to api-ms-win-core-localization-l1-2-1.dll!ResolveLocaleName"
"Message",Normal,"          P/Invoke 'GetCPInfoExW' resolved to api-ms-win-core-localization-l1-2-1.dll!GetCPInfoExW"
"Message",Normal,"          P/Invoke 'CoCreateInstance' could not be resolved but ExactSpelling specified , defaulting to api-ms-win-core-com-l1-1-0.dll!CoCreateInstance"
"Message",Normal,"          P/Invoke 'deflateInit2_' resolved to clrcompression.dll!deflateInit2_"
"Message",Normal,"          P/Invoke 'deflateEnd' resolved to clrcompression.dll!deflateEnd"
"Message",Normal,"          P/Invoke 'inflateEnd' resolved to clrcompression.dll!inflateEnd"
"Message",Normal,"          P/Invoke 'deflate' resolved to clrcompression.dll!deflate"
"Message",Normal,"          P/Invoke 'SysFreeString' resolved to oleaut32.dll!#6"
"Message",Normal,"          P/Invoke 'RoGetBufferMarshaler' resolved to api-ms-win-core-winrt-robuffer-l1-1-0.dll!RoGetBufferMarshaler"
"Message",Normal,"  Interop code generated."
"Message",Normal,"  Written code to AssemblyInfo.g.cs"
"Message",Normal,"  Written code to Adapters.g.cs"
"Message",Normal,"  Written code to Data.g.cs"
"Message",Normal,"  Written code to Helpers.g.cs"
"Message",Normal,"  Written code to ImplTypes.g.cs"
"Message",Normal,"  Written code to PInvoke.g.cs"
"Message",Normal,"  Written code to SafeTypes.g.cs"
"Message",Normal,"  Written code to SharedStubs.g.cs"
"Message",Normal,"  Written code to PlennerServer.ITFProxy.g.cs"
"Message",Normal,"Running 'CompileMcgSourceAndSerializationAssemblyGenerator' transform, heap at 167 MB."
"Message",High,"Generating serialization code"
"Message",High,"Compiling interop code"
"Message",Low,"Compiling MCG output with arguments:  /debug:""pdbonly"" /nowarn:""0436;0618;1668;1685;1701;1702"" /debug+ /nostdlib+ /optimize+ /out:""C:\Users\Bilel\Documents\Visual Studio 2015\Projects\Plenner\PlennerServerConsole\obj\x64\Release\ilc\intermediate\PlennerServer.McgInterop.dll"" /pdb:""C:\Users\Bilel\Documents\Visual Studio 2015\Projects\Plenner\PlennerServerConsole\obj\x64\Release\ilc\intermediate\PlennerServer.McgInterop.pdb"" /platform:""x64"" /warnaserror+ /unsafe /noconfig /nologo /target:library /define:""WIN64"" /define:""AMD64"" /define:""ALIGN_ACCESS"" /define:""MCG_PRE_BUILD"" /r:""C:\Program Files (x86)\MSBuild\Microsoft\.NetNative\x64\ilc\lib\Private\System.Private.Corelib.dll"" /r:""C:\Program Files (x86)\MSBuild\Microsoft\.NetNative\x64\ilc\lib\Private\System.Private.Corelib.InteropServices.dll"" /r:""C:\Program Files (x86)\MSBuild\Microsoft\.NetNative\x64\ilc\lib\Private\System.Private.Interop.dll"" /r:""C:\Users\Bilel\Documents\Visual Studio 2015\Projects\Plenner\PlennerServerConsole\obj\x64\Release\ilc\in\System.Private.Uri.dll"" /r:""C:\Program Files (x86)\MSBuild\Microsoft\.NetNative\x64\ilc\lib\Private\System.Private.CompilerServices.ICastable.dll"" /r:""C:\Program Files (x86)\MSBuild\Microsoft\.NetNative\x64\ilc\lib\Private\System.Private.Reflection.dll"" /r:""C:\Program Files (x86)\MSBuild\Microsoft\.NetNative\x64\ilc\lib\Private\System.Private.DispatchProxy.dll"" /r:""C:\Users\Bilel\Documents\Visual Studio 2015\Projects\Plenner\PlennerServerConsole\obj\x64\Release\ilc\in\System.Reflection.DispatchProxy.dll"" /r:""C:\Users\Bilel\Documents\Visual Studio 2015\Projects\Plenner\PlennerServerConsole\obj\x64\Release\ilc\in\System.Reflection.dll"" /r:""C:\Users\Bilel\Documents\Visual Studio 2015\Projects\Plenner\PlennerServerConsole\obj\x64\Release\ilc\in\System.Runtime.dll"" /r:""C:\Users\Bilel\Documents\Visual Studio 2015\Projects\Plenner\PlennerServerConsole\obj\x64\Release\ilc\in\System.Runtime.InteropServices.dll"" /r:""C:\Users\Bilel\Documents\Visual Studio 2015\Projects\Plenner\PlennerServerConsole\obj\x64\Release\ilc\in\System.Runtime.InteropServices.WindowsRuntime.dll"" /r:""C:\Users\Bilel\Documents\Visual Studio 2015\Projects\Plenner\PlennerServerConsole\obj\x64\Release\ilc\in\System.Numerics.Vectors.dll"" /r:""C:\Users\Bilel\Documents\Visual Studio 2015\Projects\Plenner\PlennerServerConsole\obj\x64\Release\ilc\in\System.Threading.dll"" /r:""C:\Users\Bilel\Documents\Visual Studio 2015\Projects\Plenner\PlennerServerConsole\obj\x64\Release\ilc\in\System.Diagnostics.Debug.dll"" /r:""C:\Users\Bilel\Documents\Visual Studio 2015\Projects\Plenner\PlennerServerConsole\obj\x64\Release\ilc\intermediate\TransformedSRWR\System.Runtime.WindowsRuntime.dll"" /r:""C:\Users\Bilel\Documents\Visual Studio 2015\Projects\Plenner\PlennerServerConsole\obj\x64\Release\ilc\in\System.Runtime.WindowsRuntime.UI.Xaml.dll"" /r:""C:\Users\Bilel\Documents\Visual Studio 2015\Projects\Plenner\PlennerServerConsole\obj\x64\Release\ilc\in\System.Dynamic.Runtime.dll"" /r:""C:\Program Files (x86)\MSBuild\Microsoft\.NetNative\x64\ilc\lib\Private\System.Private.CoreLib.Augments.dll"" /r:""C:\Users\Bilel\Documents\Visual Studio 2015\Projects\Plenner\PlennerServerConsole\obj\x64\Release\ilc\in\System.Runtime.Extensions.dll"" /r:""C:\Users\Bilel\Documents\Visual Studio 2015\Projects\Plenner\PlennerServerConsole\obj\x64\Release\ilc\in\System.Collections.dll"" /r:""C:\Users\Bilel\Documents\Visual Studio 2015\Projects\Plenner\PlennerServerConsole\obj\x64\Release\ilc\in\System.ObjectModel.dll"" /r:""C:\Program Files (x86)\Microsoft SDKs\Windows Kits\10\ExtensionSDKs\Microsoft.NET.Native.Framework.1.3\1.3\x64\ret\AnalysisILToc\System.Private.SharedLibrary.Interop.Generated.iltoc"" ""C:\Users\Bilel\Documents\Visual Studio 2015\Projects\Plenner\PlennerServerConsole\obj\x64\Release\ilc\intermediate\PlennerServer.ITFProxy.g.cs"" ""C:\Users\Bilel\Documents\Visual Studio 2015\Projects\Plenner\PlennerServerConsole\obj\x64\Release\ilc\intermediate\PlennerServer.McgInterop\Adapters.g.cs"" ""C:\Users\Bilel\Documents\Visual Studio 2015\Projects\Plenner\PlennerServerConsole\obj\x64\Release\ilc\intermediate\PlennerServer.McgInterop\AssemblyInfo.g.cs"" ""C:\Users\Bilel\Documents\Visual Studio 2015\Projects\Plenner\PlennerServerConsole\obj\x64\Release\ilc\intermediate\PlennerServer.McgInterop\Data.g.cs"" ""C:\Users\Bilel\Documents\Visual Studio 2015\Projects\Plenner\PlennerServerConsole\obj\x64\Release\ilc\intermediate\PlennerServer.McgInterop\Helpers.g.cs"" ""C:\Users\Bilel\Documents\Visual Studio 2015\Projects\Plenner\PlennerServerConsole\obj\x64\Release\ilc\intermediate\PlennerServer.McgInterop\ImplTypes.g.cs"" ""C:\Users\Bilel\Documents\Visual Studio 2015\Projects\Plenner\PlennerServerConsole\obj\x64\Release\ilc\intermediate\PlennerServer.McgInterop\PInvoke.g.cs"" ""C:\Users\Bilel\Documents\Visual Studio 2015\Projects\Plenner\PlennerServerConsole\obj\x64\Release\ilc\intermediate\PlennerServer.McgInterop\SafeTypes.g.cs"" ""C:\Users\Bilel\Documents\Visual Studio 2015\Projects\Plenner\PlennerServerConsole\obj\x64\Release\ilc\intermediate\PlennerServer.McgInterop\SharedStubs.g.cs"""
"Message",Normal,"The type 'System.Net.Security.ProtectionLevel' is found in more than one assembly."
"Message",Normal,"file:///C:/Users/Bilel/Documents/Visual Studio 2015/Projects/Plenner/PlennerServerConsole/obj/x64/Release/ilc/in/System.Private.Networking.dll"
"Message",Normal,"file:///C:/Users/Bilel/Documents/Visual Studio 2015/Projects/Plenner/PlennerServerConsole/obj/x64/Release/ilc/in/System.Private.ServiceModel.dll"
"Message",Normal,"The assembly 'System.Runtime.WindowsRuntime.dll' is found in more than one folder."
"Message",Normal,"file:///C:/Users/Bilel/Documents/Visual Studio 2015/Projects/Plenner/PlennerServerConsole/obj/x64/Release/ilc/intermediate/TransformedSRWR/System.Runtime.WindowsRuntime.dll"
"Message",Normal,"C:\Users\Bilel\Documents\Visual Studio 2015\Projects\Plenner\PlennerServerConsole\obj\x64\Release\ilc\in\System.Runtime.WindowsRuntime.dll"
"Message",Normal,"The assembly 'PlennerServer.exe' is found in more than one folder."
"Message",Normal,"file:///C:/Users/Bilel/Documents/Visual Studio 2015/Projects/Plenner/PlennerServerConsole/obj/x64/Release/ilc/intermediate/PreMergeILTransformed/PlennerServer.exe"
"Message",Normal,"C:\Users\Bilel\Documents\Visual Studio 2015\Projects\Plenner\PlennerServerConsole\obj\x64\Release\ilc\in\PlennerServer.exe"
"Message",Normal,"The type 'System.DBNull' is found in more than one assembly."
"Message",Normal,"file:///C:/Users/Bilel/Documents/Visual Studio 2015/Projects/Plenner/PlennerServerConsole/obj/x64/Release/ilc/in/System.Data.Common.dll"
"Message",Normal,"file:///C:/Program Files (x86)/MSBuild/Microsoft/.NetNative/x64/ilc/lib/Private/System.Private.Reflection.Core.dll"
"Error","C:\Program Files (x86)\MSBuild\Microsoft\.NetNative\x64\ilc\IlcInternals.targets",936,5,"System.InvalidOperationException: Unable to generate a temporary class (result=1)."
"Error","C:\Program Files (x86)\MSBuild\Microsoft\.NetNative\x64\ilc\IlcInternals.targets",936,5,"error CS0012: Het type Windows.Devices.Geolocation.BasicGeoposition wordt gedefinieerd in een assembly waarnaar niet wordt verwezen. U moet een verwijzing naar de assembly Windows.Foundation.UniversalApiContract, Version=2.0.0.0, Culture=neutral, PublicKeyToken=null, ContentType=WindowsRuntime toevoegen."
"Error","C:\Program Files (x86)\MSBuild\Microsoft\.NetNative\x64\ilc\IlcInternals.targets",936,5,"error CS0030: Kan het type Windows.Devices.Geolocation.BasicGeoposition niet naar Windows.Devices.Geolocation.BasicGeoposition [c:\Users\Bilel\Documents\Visual Studio 2015\Projects\Plenner\PlennerServerConsole\obj\x64\Release\ilc\in\WinMetadata\Windows.winmd] converteren"
"Error","C:\Program Files (x86)\MSBuild\Microsoft\.NetNative\x64\ilc\IlcInternals.targets",936,5,"error CS0012: Het type Windows.Graphics.Imaging.BitmapPixelFormat wordt gedefinieerd in een assembly waarnaar niet wordt verwezen. U moet een verwijzing naar de assembly Windows.Foundation.UniversalApiContract, Version=2.0.0.0, Culture=neutral, PublicKeyToken=null, ContentType=WindowsRuntime toevoegen."
"Error","C:\Program Files (x86)\MSBuild\Microsoft\.NetNative\x64\ilc\IlcInternals.targets",936,5,"error CS0030: Kan het type Windows.Graphics.Imaging.BitmapPixelFormat niet naar Windows.Graphics.Imaging.BitmapPixelFormat [c:\Users\Bilel\Documents\Visual Studio 2015\Projects\Plenner\PlennerServerConsole\obj\x64\Release\ilc\in\WinMetadata\Windows.winmd] converteren"
"Error","C:\Program Files (x86)\MSBuild\Microsoft\.NetNative\x64\ilc\IlcInternals.targets",936,5,"error CS0030: Kan het type Windows.Devices.Geolocation.BasicGeoposition niet naar Windows.Devices.Geolocation.BasicGeoposition [c:\Users\Bilel\Documents\Visual Studio 2015\Projects\Plenner\PlennerServerConsole\obj\x64\Release\ilc\in\WinMetadata\Windows.winmd] converteren"
"Error","C:\Program Files (x86)\MSBuild\Microsoft\.NetNative\x64\ilc\IlcInternals.targets",936,5,"error CS0029: Kan het type Windows.Devices.Geolocation.BasicGeoposition [c:\Users\Bilel\Documents\Visual Studio 2015\Projects\Plenner\PlennerServerConsole\obj\x64\Release\ilc\in\WinMetadata\Windows.winmd] niet impliciet naar Windows.Devices.Geolocation.BasicGeoposition converteren"
"Error","C:\Program Files (x86)\MSBuild\Microsoft\.NetNative\x64\ilc\IlcInternals.targets",936,5,"error CS0200: Aan de eigenschap of indexeerfunctie DataLab.Data.Planning.RepeatingPlanningItem.Name kan niets worden toegewezen -- deze heeft het kenmerk alleen-lezen"
"Error","C:\Program Files (x86)\MSBuild\Microsoft\.NetNative\x64\ilc\IlcInternals.targets",936,5,"error CS0029: Kan het type Windows.Graphics.Imaging.BitmapPixelFormat [c:\Users\Bilel\Documents\Visual Studio 2015\Projects\Plenner\PlennerServerConsole\obj\x64\Release\ilc\in\WinMetadata\Windows.winmd] niet impliciet naar Windows.Graphics.Imaging.BitmapPixelFormat converteren"
"Error","C:\Program Files (x86)\MSBuild\Microsoft\.NetNative\x64\ilc\IlcInternals.targets",936,5,"error CS0029: Kan het type Windows.Devices.Geolocation.BasicGeoposition [c:\Users\Bilel\Documents\Visual Studio 2015\Projects\Plenner\PlennerServerConsole\obj\x64\Release\ilc\in\WinMetadata\Windows.winmd] niet impliciet naar Windows.Devices.Geolocation.BasicGeoposition converteren"
"Error","C:\Program Files (x86)\MSBuild\Microsoft\.NetNative\x64\ilc\IlcInternals.targets",936,5,""
"Error","C:\Program Files (x86)\MSBuild\Microsoft\.NetNative\x64\ilc\IlcInternals.targets",936,5,"   bij System.Xml.Serialization.Compiler.Compile(String ns, XmlSerializerCompilerParameters xmlParameters, Evidence evidence, String outputDir, IEnumerable`1 referenceDirectories, String intermediateDir, Boolean loadAssembly)"
"Error","C:\Program Files (x86)\MSBuild\Microsoft\.NetNative\x64\ilc\IlcInternals.targets",936,5,"   bij System.Xml.Serialization.TempAssembly.GenerateAssembly(XmlMapping[] xmlMappings, Type[] types, String defaultNamespace, Evidence evidence, XmlSerializerCompilerParameters parameters, Hashtable assemblies, String outputDir, IEnumerable`1 referenceDirectories, String intermediateDir, Boolean loadAssembly)"
"Error","C:\Program Files (x86)\MSBuild\Microsoft\.NetNative\x64\ilc\IlcInternals.targets",936,5,"   bij System.Xml.Serialization.XmlSerializer.GenerateSerializer(Type[] types, XmlMapping[] mappings, CompilerParameters parameters, String outputDir, IEnumerable`1 referenceDirectories, String intermediateDir, Boolean loadAssembly)"
"Error","C:\Program Files (x86)\MSBuild\Microsoft\.NetNative\x64\ilc\IlcInternals.targets",936,5,"   bij System.Xml.Serialization.XmlSerializer.GenerateSerializer(Type[] types, String outputDir, IEnumerable`1 referenceDirectories, String intermediateDir, List`1 wcfSerializers, Boolean loadAssembly)"
"Error","C:\Program Files (x86)\MSBuild\Microsoft\.NetNative\x64\ilc\IlcInternals.targets",936,5,"   bij SerializationAssemblyGenerator.Program.Main(String[] args)"
"Error","C:\Program Files (x86)\MSBuild\Microsoft\.NetNative\x64\ilc\IlcInternals.targets",936,5,"Internal compiler error: Er zijn n of meer fouten opgetreden."
"Message",Low,"Uitvoeren van taak ILTransformTask voltooid -- MISLUKT."
"Message",Low,"Opbouwen van doel RunILTransforms in project Unnamed_1 voltooid -- MISLUKT."
"Message",Low,"Opbouwen van project Unnamed_1 voltooid -- MISLUKT."
"Message",Low,"Opbouwen MISLUKT."
